/* Generated by tools/generate_menu_assets.py; XBMP, LSB first. */
#ifndef UI_MENU_ASSETS_H
#define UI_MENU_ASSETS_H
#include <stdint.h>
typedef struct { uint16_t code; uint8_t width; const uint8_t *bits; } ui_menu_glyph_t;
static const uint8_t ui_menu_16_0020[] = {
    0x00, 0x00, 0x00, 0x00, 0x00, 0x00, 0x00, 0x00, 0x00, 0x00, 0x00, 0x00, 0x00, 0x00, 0x00, 0x00,
    0x00, 0x00
};
static const uint8_t ui_menu_16_0025[] = {
    0x00, 0x00, 0x00, 0x00, 0x00, 0x00, 0x3c, 0x0c, 0x26, 0x0c, 0x62, 0x06, 0x62, 0x03, 0x36, 0x01,
    0x9c, 0x01, 0xc0, 0x1c, 0x40, 0x36, 0x60, 0x33, 0x30, 0x23, 0x18, 0x32, 0x18, 0x1e, 0x00, 0x00,
    0x00, 0x00, 0x00, 0x00
};
static const uint8_t ui_menu_16_002d[] = {
    0x00, 0x00, 0x00, 0x00, 0x00, 0x00, 0x00, 0x00, 0x00, 0x00, 0x3e, 0x00, 0x00, 0x00, 0x00, 0x00,
    0x00, 0x00
};
static const uint8_t ui_menu_16_002e[] = {
    0x00, 0x00, 0x00, 0x00, 0x00, 0x00, 0x00, 0x00, 0x00, 0x00, 0x00, 0x00, 0x00, 0x0e, 0x0e, 0x00,
    0x00, 0x00
};
static const uint8_t ui_menu_16_0030[] = {
    0x00, 0x00, 0x00, 0x00, 0x00, 0x00, 0x78, 0x00, 0xfc, 0x00, 0xce, 0x00, 0xc6, 0x01, 0xc6, 0x01,
    0x86, 0x01, 0x86, 0x01, 0xc6, 0x01, 0xc6, 0x01, 0xce, 0x00, 0xfe, 0x00, 0x7c, 0x00, 0x00, 0x00,
    0x00, 0x00, 0x00, 0x00
};
static const uint8_t ui_menu_16_0031[] = {
    0x00, 0x00, 0x00, 0x00, 0x00, 0x00, 0x70, 0x00, 0x7c, 0x00, 0x7e, 0x00, 0x70, 0x00, 0x70, 0x00,
    0x70, 0x00, 0x70, 0x00, 0x70, 0x00, 0x70, 0x00, 0x70, 0x00, 0x70, 0x00, 0x70, 0x00, 0x00, 0x00,
    0x00, 0x00, 0x00, 0x00
};
static const uint8_t ui_menu_16_0032[] = {
    0x00, 0x00, 0x00, 0x00, 0x00, 0x00, 0x7c, 0x00, 0xfe, 0x00, 0xc0, 0x00, 0xc0, 0x00, 0xc0, 0x00,
    0xe0, 0x00, 0x70, 0x00, 0x38, 0x00, 0x1c, 0x00, 0x0e, 0x00, 0xfe, 0x00, 0xfe, 0x00, 0x00, 0x00,
    0x00, 0x00, 0x00, 0x00
};
static const uint8_t ui_menu_16_0033[] = {
    0x00, 0x00, 0x00, 0x00, 0x00, 0x00, 0x7c, 0x00, 0xfc, 0x00, 0xc0, 0x00, 0xc0, 0x00, 0xe0, 0x00,
    0x7c, 0x00, 0xf8, 0x00, 0xc0, 0x00, 0xc0, 0x01, 0xc0, 0x01, 0xfe, 0x00, 0x7e, 0x00, 0x00, 0x00,
    0x00, 0x00, 0x00, 0x00
};
static const uint8_t ui_menu_16_0034[] = {
    0x00, 0x00, 0x00, 0x00, 0x00, 0x00, 0xe0, 0x00, 0xe0, 0x00, 0xf0, 0x00, 0xf8, 0x00, 0xd8, 0x00,
    0xcc, 0x00, 0xc6, 0x00, 0xe7, 0x00, 0xff, 0x03, 0xe0, 0x00, 0xc0, 0x00, 0xc0, 0x00, 0x00, 0x00,
    0x00, 0x00, 0x00, 0x00
};
static const uint8_t ui_menu_16_0035[] = {
    0x00, 0x00, 0x00, 0x00, 0x00, 0x00, 0xfc, 0x00, 0xfc, 0x00, 0x0c, 0x00, 0x0c, 0x00, 0x0c, 0x00,
    0xfc, 0x00, 0xe0, 0x00, 0xc0, 0x01, 0xc0, 0x01, 0xc0, 0x00, 0xfe, 0x00, 0x7e, 0x00, 0x00, 0x00,
    0x00, 0x00, 0x00, 0x00
};
static const uint8_t ui_menu_16_0036[] = {
    0x00, 0x00, 0x00, 0x00, 0x00, 0x00, 0xf0, 0x00, 0xfc, 0x00, 0x0c, 0x00, 0x0e, 0x00, 0x66, 0x00,
    0xfe, 0x00, 0xce, 0x01, 0x86, 0x01, 0x86, 0x01, 0xce, 0x01, 0xfc, 0x00, 0x78, 0x00, 0x00, 0x00,
    0x00, 0x00, 0x00, 0x00
};
static const uint8_t ui_menu_16_0037[] = {
    0x00, 0x00, 0x00, 0x00, 0x00, 0x00, 0xfe, 0x01, 0xfe, 0x01, 0xc0, 0x00, 0xc0, 0x00, 0x60, 0x00,
    0x60, 0x00, 0x70, 0x00, 0x30, 0x00, 0x38, 0x00, 0x38, 0x00, 0x18, 0x00, 0x18, 0x00, 0x00, 0x00,
    0x00, 0x00, 0x00, 0x00
};
static const uint8_t ui_menu_16_0038[] = {
    0x00, 0x00, 0x00, 0x00, 0x00, 0x00, 0xf8, 0x00, 0xfc, 0x01, 0xce, 0x01, 0x8e, 0x01, 0xcc, 0x00,
    0x78, 0x00, 0xfc, 0x00, 0xce, 0x01, 0x86, 0x01, 0x86, 0x01, 0xfe, 0x01, 0xfc, 0x00, 0x00, 0x00,
    0x00, 0x00, 0x00, 0x00
};
static const uint8_t ui_menu_16_0039[] = {
    0x00, 0x00, 0x00, 0x00, 0x00, 0x00, 0x7c, 0x00, 0xfc, 0x00, 0xce, 0x00, 0x86, 0x01, 0xc6, 0x01,
    0xce, 0x01, 0xfc, 0x01, 0x98, 0x01, 0xc0, 0x01, 0xc0, 0x00, 0xfc, 0x00, 0x3c, 0x00, 0x00, 0x00,
    0x00, 0x00, 0x00, 0x00
};
static const uint8_t ui_menu_16_003a[] = {
    0x00, 0x00, 0x00, 0x00, 0x00, 0x00, 0x04, 0x0e, 0x06, 0x00, 0x00, 0x00, 0x00, 0x0e, 0x0e, 0x00,
    0x00, 0x00
};
static const uint8_t ui_menu_16_003f[] = {
    0x00, 0x00, 0x00, 0x3e, 0x7f, 0x60, 0x60, 0x70, 0x38, 0x1c, 0x0c, 0x00, 0x00, 0x1c, 0x1c, 0x00,
    0x00, 0x00
};
static const uint8_t ui_menu_16_0042[] = {
    0x00, 0x00, 0x00, 0x00, 0x00, 0x00, 0xfc, 0x00, 0xfc, 0x03, 0x8c, 0x03, 0x8c, 0x03, 0xcc, 0x01,
    0xfc, 0x00, 0xfc, 0x03, 0x0c, 0x03, 0x0c, 0x03, 0x8c, 0x03, 0xfc, 0x03, 0xfc, 0x00, 0x00, 0x00,
    0x00, 0x00, 0x00, 0x00
};
static const uint8_t ui_menu_16_0056[] = {
    0x00, 0x00, 0x00, 0x00, 0x00, 0x00, 0x07, 0x06, 0x06, 0x07, 0x0e, 0x07, 0x0e, 0x03, 0x8c, 0x03,
    0x9c, 0x01, 0x9c, 0x01, 0xd8, 0x01, 0xf8, 0x00, 0xf8, 0x00, 0xf0, 0x00, 0x70, 0x00, 0x00, 0x00,
    0x00, 0x00, 0x00, 0x00
};
static const uint8_t ui_menu_16_0062[] = {
    0x00, 0x00, 0x00, 0x00, 0x0c, 0x00, 0x0e, 0x00, 0x0e, 0x00, 0x0e, 0x00, 0xee, 0x00, 0xfe, 0x01,
    0x8e, 0x03, 0x8e, 0x03, 0x0e, 0x03, 0x8e, 0x03, 0x8e, 0x03, 0xfe, 0x01, 0xfe, 0x00, 0x00, 0x00,
    0x00, 0x00, 0x00, 0x00
};
static const uint8_t ui_menu_16_0064[] = {
    0x00, 0x00, 0x00, 0x00, 0x80, 0x01, 0x80, 0x01, 0x80, 0x01, 0x80, 0x01, 0xb8, 0x01, 0xfc, 0x01,
    0xce, 0x01, 0x86, 0x01, 0x86, 0x01, 0x86, 0x01, 0x8e, 0x01, 0xfe, 0x01, 0xbc, 0x01, 0x00, 0x00,
    0x00, 0x00, 0x00, 0x00
};
static const uint8_t ui_menu_16_006d[] = {
    0x00, 0x00, 0x00, 0x00, 0x00, 0x00, 0x00, 0x00, 0x00, 0x00, 0x00, 0x00, 0xe4, 0x1c, 0xfe, 0x3f,
    0xce, 0x73, 0x8e, 0x71, 0x8e, 0x71, 0x8e, 0x71, 0x8e, 0x71, 0x8e, 0x71, 0x8e, 0x71, 0x00, 0x00,
    0x00, 0x00, 0x00, 0x00
};
static const uint8_t ui_menu_16_4e00[] = {
    0x00, 0x00, 0x00, 0x00, 0x00, 0x00, 0x00, 0x00, 0x00, 0x00, 0x00, 0x00, 0x00, 0x00, 0x00, 0x00,
    0xfe, 0x7f, 0xff, 0xff, 0xfa, 0x5f, 0x00, 0x00, 0x00, 0x00, 0x00, 0x00, 0x00, 0x00, 0x00, 0x00,
    0x00, 0x00, 0x00, 0x00
};
static const uint8_t ui_menu_16_4e0a[] = {
    0x00, 0x00, 0x00, 0x00, 0xc0, 0x01, 0xc0, 0x01, 0xc0, 0x01, 0xc0, 0x01, 0xc0, 0x3f, 0xc0, 0x7f,
    0xc0, 0x01, 0xc0, 0x01, 0xc0, 0x01, 0xc0, 0x01, 0xc0, 0x01, 0xc0, 0x01, 0xfe, 0xff, 0xff, 0xff,
    0x00, 0x00, 0x00, 0x00
};
static const uint8_t ui_menu_16_4e0d[] = {
    0x00, 0x00, 0x00, 0x00, 0x00, 0x00, 0xfe, 0x7f, 0xfe, 0x7f, 0x80, 0x01, 0xc0, 0x01, 0xc0, 0x01,
    0xe0, 0x0d, 0xf0, 0x1f, 0xb8, 0x39, 0x9e, 0x79, 0x8e, 0xf1, 0x86, 0x61, 0x80, 0x01, 0x80, 0x01,
    0x80, 0x01, 0x00, 0x00
};
static const uint8_t ui_menu_16_4e2a[] = {
    0x00, 0x00, 0x00, 0x00, 0x80, 0x01, 0xc0, 0x03, 0xe0, 0x07, 0x70, 0x0e, 0x78, 0x1e, 0x3c, 0x3c,
    0x9e, 0x79, 0x86, 0x61, 0x80, 0x01, 0x80, 0x01, 0x80, 0x01, 0x80, 0x01, 0x80, 0x01, 0x80, 0x01,
    0x80, 0x01, 0x00, 0x00
};
static const uint8_t ui_menu_16_4e2d[] = {
    0x00, 0x00, 0x00, 0x00, 0x80, 0x01, 0x80, 0x01, 0xc0, 0x03, 0xfe, 0x7f, 0xfe, 0x7f, 0x86, 0x61,
    0x86, 0x61, 0x86, 0x61, 0xfe, 0x7f, 0xfe, 0x7f, 0x86, 0x61, 0x80, 0x01, 0x80, 0x01, 0x80, 0x01,
    0x80, 0x01, 0x00, 0x00
};
static const uint8_t ui_menu_16_4e3a[] = {
    0x00, 0x00, 0x00, 0x00, 0xcc, 0x01, 0xdc, 0x00, 0xd8, 0x00, 0xfe, 0x7f, 0xfe, 0x7f, 0xc0, 0x60,
    0xc0, 0x60, 0xe0, 0x63, 0x60, 0x67, 0x60, 0x66, 0x70, 0x70, 0x38, 0x30, 0x1c, 0x30, 0x0e, 0x3f,
    0x06, 0x1f, 0x00, 0x00
};
static const uint8_t ui_menu_16_4e3b[] = {
    0x00, 0x00, 0x00, 0x00, 0xc0, 0x01, 0x80, 0x01, 0x80, 0x01, 0xfe, 0x7f, 0xd4, 0x0b, 0x80, 0x01,
    0x80, 0x01, 0xc0, 0x03, 0xfc, 0x3f, 0xc0, 0x03, 0x80, 0x01, 0x80, 0x01, 0xc0, 0x03, 0xff, 0xff,
    0xfe, 0x7f, 0x00, 0x00
};
static const uint8_t ui_menu_16_4eae[] = {
    0x00, 0x00, 0x00, 0x00, 0xc0, 0x01, 0xfe, 0xff, 0x00, 0x00, 0xf8, 0x1f, 0x18, 0x18, 0xf8, 0x1f,
    0xf8, 0x1f, 0xfe, 0x7f, 0xfe, 0x7f, 0x06, 0x60, 0xf0, 0x07, 0x30, 0x46, 0x38, 0xce, 0x1e, 0x7e,
    0x06, 0x3c, 0x00, 0x00
};
static const uint8_t ui_menu_16_4ed6[] = {
    0x00, 0x00, 0x00, 0x00, 0x18, 0x06, 0xd8, 0x06, 0xcc, 0x66, 0xcc, 0x7e, 0xee, 0x7f, 0xfe, 0x66,
    0xef, 0x66, 0xcf, 0x66, 0xce, 0x7e, 0xcc, 0x36, 0xcc, 0x46, 0xcc, 0xc4, 0xcc, 0x60, 0xcc, 0x7f,
    0x0c, 0x1f, 0x00, 0x00
};
static const uint8_t ui_menu_16_4f20[] = {
    0x00, 0x00, 0x00, 0x00, 0x18, 0x07, 0x18, 0x07, 0xec, 0x7f, 0x8c, 0x03, 0x8c, 0x03, 0xee, 0xff,
    0xee, 0xff, 0xcf, 0x01, 0xcf, 0x7f, 0xcc, 0x7f, 0x0c, 0x38, 0xcc, 0x1d, 0x8c, 0x1f, 0x0c, 0x3e,
    0x0c, 0x10, 0x00, 0x00
};
static const uint8_t ui_menu_16_4fdd[] = {
    0x00, 0x00, 0x00, 0x00, 0xd8, 0x3f, 0xfc, 0x7f, 0x4c, 0x30, 0x6c, 0x20, 0xee, 0x7f, 0xee, 0x7f,
    0x0f, 0x06, 0x0f, 0x07, 0xfe, 0xff, 0x8c, 0x0f, 0x8c, 0x1f, 0xcc, 0x36, 0x7c, 0xe6, 0x2c, 0x46,
    0x0c, 0x06, 0x00, 0x00
};
static const uint8_t ui_menu_16_4fe1[] = {
    0x00, 0x00, 0x00, 0x00, 0x18, 0x06, 0x1c, 0x0f, 0xec, 0xff, 0x0c, 0x00, 0xce, 0x7f, 0xce, 0x7f,
    0x0e, 0x00, 0xef, 0x7f, 0x0f, 0x00, 0xcc, 0x3f, 0xec, 0x7f, 0x6c, 0x60, 0xec, 0x70, 0xec, 0x7f,
    0xec, 0x70, 0x00, 0x00
};
static const uint8_t ui_menu_16_5176[] = {
    0x00, 0x00, 0x00, 0x00, 0x18, 0x18, 0xfe, 0x7f, 0xfe, 0x7f, 0x1c, 0x38, 0xf8, 0x1f, 0xfc, 0x1f,
    0x18, 0x18, 0xfc, 0x1f, 0xf8, 0x1f, 0x1c, 0x38, 0xff, 0xff, 0xfe, 0x7f, 0x30, 0x1e, 0x3e, 0x7c,
    0x06, 0x60, 0x00, 0x00
};
static const uint8_t ui_menu_16_51fa[] = {
    0x00, 0x00, 0x00, 0x00, 0x80, 0x01, 0x8c, 0x31, 0x8c, 0x31, 0x8c, 0x31, 0x8c, 0x31, 0xfc, 0x3f,
    0xfc, 0x3f, 0x80, 0x01, 0x80, 0x01, 0x86, 0x61, 0x86, 0x61, 0x86, 0x61, 0xfe, 0x7f, 0xfe, 0x7f,
    0x00, 0x60, 0x00, 0x00
};
static const uint8_t ui_menu_16_5206[] = {
    0x00, 0x00, 0x00, 0x00, 0x60, 0x06, 0x70, 0x0e, 0x30, 0x0c, 0x38, 0x1c, 0x1c, 0x38, 0x0e, 0xf0,
    0xfe, 0x7f, 0xfc, 0x1f, 0x60, 0x18, 0x60, 0x18, 0x70, 0x18, 0x38, 0x18, 0x3c, 0x1c, 0x9e, 0x1f,
    0x84, 0x07, 0x00, 0x00
};
static const uint8_t ui_menu_16_5230[] = {
    0x00, 0x00, 0x00, 0x00, 0x00, 0x60, 0xff, 0x65, 0x1c, 0x6c, 0x4c, 0x6c, 0xce, 0x6c, 0xfe, 0x6d,
    0xfe, 0x6f, 0x30, 0x6c, 0x30, 0x6c, 0xfe, 0x6d, 0xfe, 0x6c, 0x30, 0x60, 0xfe, 0x61, 0xff, 0x7d,
    0x00, 0x3c, 0x00, 0x00
};
static const uint8_t ui_menu_16_524d[] = {
    0x00, 0x00, 0x00, 0x00, 0x38, 0x1c, 0xff, 0xff, 0xff, 0xff, 0x00, 0x00, 0xfe, 0x64, 0xfe, 0x6c,
    0xc6, 0x6c, 0xfe, 0x6c, 0xfe, 0x6c, 0x86, 0x6c, 0xfe, 0x6c, 0xfe, 0x64, 0xc6, 0x70, 0xe6, 0x7c,
    0xe6, 0x3c, 0x00, 0x00
};
static const uint8_t ui_menu_16_529f[] = {
    0x00, 0x00, 0x00, 0x00, 0x00, 0x07, 0x3f, 0x02, 0xff, 0x7f, 0x9c, 0x7f, 0x0c, 0x67, 0x0c, 0x63,
    0x0c, 0x63, 0x0c, 0x63, 0x0c, 0x63, 0x3c, 0x63, 0xfe, 0x61, 0xdf, 0x61, 0xc0, 0x70, 0xe0, 0x7c,
    0x60, 0x1c, 0x00, 0x00
};
static const uint8_t ui_menu_16_533a[] = {
    0x00, 0x00, 0x00, 0x00, 0x00, 0x00, 0xfe, 0x7f, 0xee, 0x6f, 0x26, 0x08, 0x76, 0x1c, 0xe6, 0x0e,
    0x86, 0x07, 0x86, 0x07, 0xc6, 0x0f, 0xe6, 0x1c, 0x76, 0x38, 0x26, 0x10, 0xfe, 0x7f, 0xfe, 0xff,
    0x00, 0x00, 0x00, 0x00
};
static const uint8_t ui_menu_16_5382[] = {
    0x00, 0x00, 0x00, 0x00, 0x00, 0x00, 0xfc, 0xff, 0xfc, 0x7f, 0x0c, 0x00, 0x0c, 0x00, 0x0c, 0x00,
    0x0c, 0x00, 0x0c, 0x00, 0x0c, 0x00, 0x0c, 0x00, 0x0c, 0x00, 0x0e, 0x00, 0x0e, 0x00, 0x06, 0x00,
    0x00, 0x00, 0x00, 0x00
};
static const uint8_t ui_menu_16_538b[] = {
    0x00, 0x00, 0x00, 0x00, 0x00, 0x00, 0xfc, 0xff, 0xfc, 0x7f, 0x0c, 0x02, 0x0c, 0x03, 0x0c, 0x03,
    0xec, 0x7f, 0xec, 0x7f, 0x0c, 0x17, 0x0c, 0x33, 0x0e, 0x73, 0x06, 0x23, 0x07, 0x27, 0xfe, 0xff,
    0x00, 0x00, 0x00, 0x00
};
static const uint8_t ui_menu_16_53f7[] = {
    0x00, 0x00, 0x00, 0x00, 0xfc, 0x3f, 0xfc, 0x3f, 0x0c, 0x30, 0x1c, 0x38, 0xfc, 0x3f, 0x00, 0x00,
    0x00, 0x00, 0xff, 0xff, 0x1c, 0x00, 0xf8, 0x3f, 0xfc, 0x3f, 0x00, 0x38, 0x00, 0x38, 0xc0, 0x1f,
    0xc0, 0x0f, 0x00, 0x00
};
static const uint8_t ui_menu_16_540d[] = {
    0x00, 0x00, 0x00, 0x00, 0x60, 0x00, 0xf0, 0x3f, 0xf8, 0x3f, 0x1c, 0x38, 0x2e, 0x1c, 0xe2, 0x0f,
    0xc0, 0x03, 0xf0, 0x01, 0xfe, 0x3f, 0xfe, 0x3f, 0x18, 0x30, 0x18, 0x30, 0xf8, 0x3f, 0xf8, 0x3f,
    0x18, 0x30, 0x00, 0x00
};
static const uint8_t ui_menu_16_542f[] = {
    0x00, 0x00, 0x00, 0x00, 0x80, 0x01, 0xfc, 0x3f, 0xfc, 0x7f, 0x0c, 0x60, 0x0c, 0x60, 0xfc, 0x7f,
    0xfc, 0x7f, 0x0c, 0x00, 0xec, 0x3f, 0xfc, 0x7f, 0x36, 0x70, 0x36, 0x60, 0xf6, 0x7f, 0xf7, 0x7f,
    0x32, 0x20, 0x00, 0x00
};
static const uint8_t ui_menu_16_56de[] = {
    0x00, 0x00, 0x00, 0x00, 0xfe, 0x7f, 0xfe, 0x7f, 0x06, 0x60, 0x06, 0x60, 0xe6, 0x67, 0xe6, 0x67,
    0x66, 0x66, 0x66, 0x66, 0x66, 0x66, 0xe6, 0x67, 0xe6, 0x67, 0x06, 0x60, 0x0e, 0x70, 0xfe, 0x7f,
    0x06, 0x60, 0x00, 0x00
};
static const uint8_t ui_menu_16_5730[] = {
    0x00, 0x00, 0x00, 0x00, 0x0c, 0x06, 0xcc, 0x06, 0xcc, 0x46, 0xcc, 0x7e, 0xfe, 0x7f, 0xfe, 0x67,
    0xec, 0x66, 0xcc, 0x66, 0xcc, 0x7e, 0xcc, 0x3e, 0xcc, 0x06, 0xde, 0xc4, 0xdf, 0x60, 0xc2, 0x7f,
    0x00, 0x1f, 0x00, 0x00
};
static const uint8_t ui_menu_16_5740[] = {
    0x00, 0x00, 0x00, 0x00, 0x0c, 0x0c, 0x0c, 0x0c, 0x0c, 0x0c, 0xbe, 0x0d, 0xbf, 0x7d, 0x8c, 0x7d,
    0x8c, 0x0d, 0x8c, 0x0d, 0x8c, 0x0d, 0x8c, 0x0d, 0xbc, 0x0d, 0xbf, 0x0d, 0xe7, 0xff, 0xe0, 0xff,
    0x00, 0x00, 0x00, 0x00
};
static const uint8_t ui_menu_16_5907[] = {
    0x00, 0x00, 0x00, 0x00, 0x70, 0x00, 0xf8, 0x3f, 0xfc, 0x3f, 0x3e, 0x1c, 0xe2, 0x0f, 0xf0, 0x1f,
    0x7f, 0x7e, 0x0e, 0x70, 0xfc, 0x3f, 0x8c, 0x31, 0x9c, 0x39, 0xfc, 0x3f, 0x8c, 0x31, 0xfc, 0x3f,
    0xfc, 0x3f, 0x00, 0x00
};
static const uint8_t ui_menu_16_590d[] = {
    0x00, 0x00, 0x00, 0x00, 0x1c, 0x00, 0xfc, 0x7f, 0x0e, 0x00, 0xff, 0x3f, 0x0e, 0x30, 0xfc, 0x3f,
    0x0c, 0x30, 0xfc, 0x3f, 0x38, 0x00, 0xf8, 0x3f, 0x7c, 0x3c, 0xe6, 0x0f, 0xe0, 0x0f, 0x7e, 0x7e,
    0x0c, 0x60, 0x00, 0x00
};
static const uint8_t ui_menu_16_59cb[] = {
    0x00, 0x00, 0x00, 0x00, 0x0c, 0x0e, 0x0c, 0x06, 0x0c, 0x33, 0x7f, 0x33, 0xfe, 0x7f, 0xe6, 0x7f,
    0x26, 0xc0, 0x36, 0x00, 0xb6, 0x7f, 0xbe, 0x7f, 0x9c, 0x61, 0xbc, 0x61, 0xfc, 0x7f, 0x87, 0x7f,
    0x82, 0x61, 0x00, 0x00
};
static const uint8_t ui_menu_16_5b58[] = {
    0x00, 0x00, 0x00, 0x00, 0x70, 0x00, 0xff, 0xff, 0xff, 0xff, 0x38, 0x00, 0xd8, 0x7f, 0xcc, 0x7f,
    0x0e, 0x38, 0x0f, 0x1c, 0x0f, 0x1e, 0xfc, 0xff, 0x0c, 0x0e, 0x0c, 0x0c, 0x0c, 0x0c, 0x8c, 0x0f,
    0x8c, 0x07, 0x00, 0x00
};
static const uint8_t ui_menu_16_5b89[] = {
    0x00, 0x00, 0x00, 0x00, 0x80, 0x01, 0xfe, 0x7f, 0xfe, 0x7f, 0x46, 0x60, 0xc0, 0x00, 0xe0, 0x00,
    0xff, 0xff, 0xfe, 0xff, 0x30, 0x1c, 0x38, 0x0e, 0xf0, 0x07, 0xc0, 0x07, 0xf8, 0x3f, 0x7e, 0x78,
    0x0e, 0x20, 0x00, 0x00
};
static const uint8_t ui_menu_16_5b9a[] = {
    0x00, 0x00, 0x00, 0x00, 0x80, 0x01, 0xc0, 0x03, 0xfe, 0x7f, 0x06, 0x60, 0x06, 0x60, 0xfe, 0x7f,
    0xfe, 0x7f, 0x80, 0x01, 0x88, 0x01, 0x9c, 0x7f, 0x8c, 0x3f, 0x9c, 0x01, 0xbe, 0x01, 0xf7, 0xff,
    0xc2, 0x7f, 0x00, 0x00
};
static const uint8_t ui_menu_16_5c4f[] = {
    0x00, 0x00, 0x00, 0x00, 0xfc, 0x7f, 0xfc, 0x7f, 0x0c, 0x60, 0xfc, 0x7f, 0xfc, 0x7f, 0xcc, 0x18,
    0xfc, 0x7f, 0xfc, 0x7f, 0xcc, 0x18, 0xce, 0x1d, 0xfe, 0xff, 0xce, 0x18, 0xc6, 0x18, 0x66, 0x18,
    0x62, 0x18, 0x00, 0x00
};
static const uint8_t ui_menu_16_5df2[] = {
    0x00, 0x00, 0x00, 0x00, 0x00, 0x00, 0xfe, 0x3f, 0xfc, 0x3f, 0x00, 0x30, 0x00, 0x30, 0x0c, 0x30,
    0xfc, 0x3f, 0xfc, 0x3f, 0x0c, 0x00, 0x0c, 0x40, 0x0c, 0xe0, 0x0c, 0x60, 0x1c, 0x70, 0xfc, 0x7f,
    0xf0, 0x1f, 0x00, 0x00
};
static const uint8_t ui_menu_16_5e38[] = {
    0x00, 0x00, 0x00, 0x00, 0x88, 0x11, 0x98, 0x19, 0xfe, 0x7f, 0xfe, 0x7f, 0x06, 0x60, 0xf8, 0x1f,
    0x18, 0x18, 0xf8, 0x1f, 0x80, 0x01, 0xfc, 0x3f, 0xfc, 0x7f, 0x8c, 0x61, 0x8c, 0x71, 0x84, 0x39,
    0x80, 0x01, 0x00, 0x00
};
static const uint8_t ui_menu_16_5e76[] = {
    0x00, 0x00, 0x00, 0x00, 0x30, 0x1c, 0x70, 0x0c, 0xfe, 0x7f, 0xfe, 0x7f, 0x30, 0x1c, 0x30, 0x1c,
    0x30, 0x1c, 0x70, 0x1c, 0xff, 0xff, 0x38, 0x1c, 0x30, 0x0c, 0x38, 0x1c, 0x18, 0x1c, 0x1c, 0x1c,
    0x0c, 0x0c, 0x00, 0x00
};
static const uint8_t ui_menu_16_5e8f[] = {
    0x00, 0x00, 0x00, 0x00, 0x80, 0x03, 0xfc, 0x7f, 0xfc, 0xff, 0x0c, 0x00, 0xe4, 0x7f, 0xe4, 0x7f,
    0xcc, 0x38, 0x8c, 0x0f, 0x8c, 0x0f, 0xf6, 0xff, 0x06, 0x67, 0x06, 0x66, 0x06, 0x26, 0xc7, 0x07,
    0xc2, 0x03, 0x00, 0x00
};
static const uint8_t ui_menu_16_5f00[] = {
    0x00, 0x00, 0x00, 0x00, 0x00, 0x00, 0xfe, 0x7f, 0x78, 0x1c, 0x30, 0x0c, 0x30, 0x1c, 0x30, 0x0c,
    0x78, 0x1c, 0xff, 0xff, 0x78, 0x1c, 0x30, 0x0c, 0x30, 0x1c, 0x38, 0x1c, 0x1c, 0x1c, 0x0e, 0x1c,
    0x06, 0x0c, 0x00, 0x00
};
static const uint8_t ui_menu_16_5f02[] = {
    0x00, 0x00, 0x00, 0x00, 0xfc, 0x1f, 0xfc, 0x3f, 0x0c, 0x18, 0xfc, 0x3f, 0xfc, 0x7f, 0x0c, 0xc0,
    0xfc, 0x7f, 0xf8, 0x7f, 0x30, 0x0c, 0x30, 0x0c, 0xff, 0xff, 0xfe, 0x7f, 0x38, 0x0c, 0x1c, 0x0c,
    0x0c, 0x0c, 0x00, 0x00
};
static const uint8_t ui_menu_16_6001[] = {
    0x00, 0x00, 0x00, 0x00, 0x80, 0x01, 0xc0, 0x01, 0xfe, 0x7f, 0xe0, 0x07, 0x60, 0x06, 0x78, 0x1c,
    0xfe, 0x79, 0x8e, 0x71, 0x00, 0x00, 0xb0, 0x31, 0x3e, 0x63, 0x36, 0x68, 0x37, 0x5c, 0xf2, 0x0f,
    0xe0, 0x07, 0x00, 0x00
};
static const uint8_t ui_menu_16_603b[] = {
    0x00, 0x00, 0x00, 0x00, 0x30, 0x0c, 0x70, 0x0e, 0xfc, 0x3f, 0xfc, 0x3f, 0x1c, 0x38, 0x0c, 0x30,
    0x1c, 0x38, 0xfc, 0x3f, 0x80, 0x01, 0xb0, 0x01, 0x3e, 0x63, 0x36, 0x78, 0x37, 0xfc, 0xf2, 0x0f,
    0xe0, 0x07, 0x00, 0x00
};
static const uint8_t ui_menu_16_6062[] = {
    0x00, 0x00, 0x00, 0x00, 0x8c, 0x01, 0xcc, 0x01, 0xec, 0xff, 0xce, 0x01, 0xbf, 0x0c, 0xff, 0x0c,
    0xcf, 0x6d, 0xcc, 0x6d, 0xec, 0x3f, 0x7c, 0x0c, 0x3c, 0x1e, 0x3c, 0x37, 0x8c, 0x73, 0xcc, 0xe1,
    0x8c, 0x40, 0x00, 0x00
};
static const uint8_t ui_menu_16_606f[] = {
    0x00, 0x00, 0x00, 0x00, 0x80, 0x01, 0xfc, 0x3f, 0x0c, 0x30, 0x0c, 0x30, 0xfc, 0x3f, 0x0c, 0x30,
    0xfc, 0x3f, 0x0c, 0x30, 0xfc, 0x3f, 0xfc, 0x3f, 0xb4, 0x23, 0x36, 0x63, 0x36, 0xfc, 0xf2, 0x4f,
    0xe0, 0x07, 0x00, 0x00
};
static const uint8_t ui_menu_16_6210[] = {
    0x00, 0x00, 0x00, 0x00, 0x00, 0x36, 0x00, 0x66, 0xfc, 0x7f, 0xfc, 0xff, 0x0c, 0x06, 0x0c, 0x26,
    0xfc, 0x66, 0xfc, 0x36, 0xcc, 0x3e, 0xc4, 0x1c, 0xc6, 0x4c, 0xfe, 0xce, 0x76, 0xff, 0x87, 0x7b,
    0x02, 0x71, 0x00, 0x00
};
static const uint8_t ui_menu_16_626b[] = {
    0x00, 0x00, 0x00, 0x00, 0x0c, 0x00, 0xcc, 0x7f, 0xdc, 0x7f, 0x3f, 0x60, 0x1c, 0x60, 0x0c, 0x60,
    0x3c, 0x70, 0xbe, 0x7f, 0x1f, 0x70, 0x0c, 0x60, 0x0c, 0x60, 0x0c, 0x60, 0xcc, 0x7f, 0xce, 0x7f,
    0x0e, 0x60, 0x00, 0x00
};
static const uint8_t ui_menu_16_62a5[] = {
    0x00, 0x00, 0x00, 0x00, 0xcc, 0x7f, 0xcc, 0x7f, 0xdc, 0x60, 0xff, 0x7c, 0xdc, 0x3c, 0xcc, 0x00,
    0xcc, 0x7f, 0xfe, 0x7f, 0xdf, 0x62, 0xcc, 0x36, 0xcc, 0x3c, 0xcc, 0x1c, 0xcc, 0x7f, 0xce, 0x77,
    0xce, 0x42, 0x00, 0x00
};
static const uint8_t ui_menu_16_6309[] = {
    0x00, 0x00, 0x00, 0x00, 0x0c, 0x06, 0x0c, 0x0e, 0xcc, 0x7f, 0xdf, 0x60, 0xde, 0x62, 0x0c, 0x03,
    0xcc, 0xff, 0xfc, 0xff, 0x9f, 0x31, 0x8f, 0x39, 0xcc, 0x1b, 0x0c, 0x1f, 0x0c, 0x3f, 0xef, 0x73,
    0xe6, 0x60, 0x00, 0x00
};
static const uint8_t ui_menu_16_63cf[] = {
    0x00, 0x00, 0x00, 0x00, 0x8c, 0x19, 0x8c, 0x3b, 0xec, 0xff, 0x9f, 0x39, 0x0c, 0x11, 0xcc, 0x7f,
    0xec, 0x7f, 0xfe, 0x66, 0xdf, 0x66, 0xce, 0x7f, 0xcc, 0x7f, 0x4c, 0x66, 0xcc, 0x6e, 0xcf, 0x7f,
    0xc6, 0x60, 0x00, 0x00
};
static const uint8_t ui_menu_16_6539[] = {
    0x00, 0x00, 0x00, 0x00, 0x00, 0x06, 0x7e, 0x03, 0x7e, 0xff, 0x20, 0xff, 0xe0, 0x31, 0xf0, 0x33,
    0xfe, 0x33, 0x3e, 0x33, 0x06, 0x1e, 0x06, 0x1e, 0x26, 0x1e, 0x36, 0x1e, 0xbe, 0x7f, 0xce, 0x73,
    0x82, 0x40, 0x00, 0x00
};
static const uint8_t ui_menu_16_6570[] = {
    0x00, 0x00, 0x00, 0x00, 0xb2, 0x0c, 0xb6, 0x0c, 0xb4, 0xfc, 0xfe, 0xfe, 0x3c, 0x66, 0xfe, 0x67,
    0xf7, 0x67, 0x18, 0x26, 0xfe, 0x3c, 0xfe, 0x3c, 0xc6, 0x18, 0x7e, 0x3c, 0x7c, 0x7e, 0xff, 0x67,
    0x06, 0x42, 0x00, 0x00
};
static const uint8_t ui_menu_16_65e0[] = {
    0x00, 0x00, 0x00, 0x00, 0x00, 0x00, 0xfe, 0x7f, 0xc0, 0x03, 0x80, 0x01, 0x80, 0x01, 0xff, 0xff,
    0xff, 0xff, 0xc0, 0x00, 0xc0, 0x03, 0xe0, 0x03, 0x70, 0x43, 0x38, 0xe3, 0x1c, 0x67, 0x0e, 0x7f,
    0x04, 0x3e, 0x00, 0x00
};
static const uint8_t ui_menu_16_65f6[] = {
    0x00, 0x00, 0x00, 0x00, 0x00, 0x30, 0x7e, 0x30, 0x7e, 0x70, 0xe6, 0xff, 0x66, 0x7c, 0x66, 0x30,
    0x7e, 0x33, 0x7e, 0x33, 0x66, 0x36, 0x66, 0x36, 0x66, 0x30, 0x7e, 0x30, 0x7e, 0x30, 0x66, 0x3e,
    0x00, 0x1e, 0x00, 0x00
};
static const uint8_t ui_menu_16_66f4[] = {
    0x00, 0x00, 0x00, 0x00, 0xfe, 0x7f, 0xfe, 0x7f, 0x80, 0x01, 0xfc, 0x3f, 0xfc, 0x3f, 0x8c, 0x31,
    0xfc, 0x3f, 0x8c, 0x31, 0xfc, 0x3f, 0xfc, 0x3f, 0x98, 0x31, 0xf0, 0x01, 0xf0, 0x07, 0xfe, 0x7f,
    0x1e, 0x78, 0x00, 0x00
};
static const uint8_t ui_menu_16_672c[] = {
    0x00, 0x00, 0x00, 0x00, 0x80, 0x01, 0x80, 0x01, 0xfe, 0x7f, 0xfe, 0x7f, 0xc0, 0x03, 0xe0, 0x07,
    0xe0, 0x07, 0xb0, 0x0d, 0x98, 0x19, 0x8c, 0x71, 0xce, 0x71, 0xf6, 0x6f, 0x80, 0x01, 0x80, 0x01,
    0x80, 0x01, 0x00, 0x00
};
static const uint8_t ui_menu_16_673a[] = {
    0x00, 0x00, 0x00, 0x00, 0x0c, 0x00, 0x8c, 0x1f, 0x9c, 0x1f, 0xbf, 0x19, 0x9e, 0x19, 0x8c, 0x19,
    0x9c, 0x19, 0xbe, 0x19, 0x9f, 0x19, 0x8f, 0x59, 0xce, 0xd9, 0xcc, 0xd8, 0xec, 0xf8, 0x6c, 0x78,
    0x4c, 0x70, 0x00, 0x00
};
static const uint8_t ui_menu_16_6b21[] = {
    0x00, 0x00, 0x00, 0x00, 0x80, 0x01, 0xc6, 0x01, 0xce, 0x7f, 0xcc, 0x7f, 0x64, 0x60, 0x60, 0x76,
    0x00, 0x06, 0x1c, 0x07, 0x0c, 0x07, 0x0c, 0x0f, 0x8e, 0x19, 0xc6, 0x39, 0xe7, 0x70, 0x72, 0x60,
    0x20, 0x40, 0x00, 0x00
};
static const uint8_t ui_menu_16_6bd4[] = {
    0x00, 0x00, 0x00, 0x00, 0x0e, 0x03, 0x06, 0x03, 0x06, 0x23, 0x06, 0x73, 0x7e, 0x7b, 0x7e, 0x3f,
    0x0e, 0x0f, 0x06, 0x07, 0x06, 0x03, 0x06, 0x63, 0x06, 0xe3, 0x6e, 0x63, 0x7e, 0x77, 0x3e, 0x7f,
    0x06, 0x1c, 0x00, 0x00
};
static const uint8_t ui_menu_16_6c47[] = {
    0x00, 0x00, 0x00, 0x00, 0x04, 0x00, 0xee, 0x7f, 0xec, 0x7f, 0x60, 0x00, 0x62, 0x00, 0x6e, 0x00,
    0x6c, 0x00, 0x60, 0x00, 0x60, 0x00, 0x6c, 0x00, 0x6c, 0x00, 0x6e, 0x00, 0xe6, 0x00, 0xe6, 0xff,
    0x00, 0x00, 0x00, 0x00
};
static const uint8_t ui_menu_16_6d4b[] = {
    0x00, 0x00, 0x00, 0x00, 0x06, 0x60, 0xfe, 0x6b, 0x3c, 0x7a, 0xb0, 0x7a, 0xb2, 0x7a, 0xb6, 0x7a,
    0xb4, 0x7a, 0xb0, 0x7a, 0xf0, 0x7a, 0xfc, 0x7a, 0xcc, 0x78, 0xe6, 0x61, 0x66, 0x63, 0x36, 0x7a,
    0x12, 0x30, 0x00, 0x00
};
static const uint8_t ui_menu_16_7259[] = {
    0x00, 0x00, 0x00, 0x00, 0x00, 0x00, 0xfe, 0x7f, 0x18, 0x0e, 0x18, 0x0c, 0x0c, 0x0c, 0x0c, 0x0e,
    0xfe, 0xff, 0xfc, 0x7f, 0xc0, 0x0d, 0xe0, 0x0c, 0x70, 0x0c, 0x3c, 0x0c, 0x1e, 0x0e, 0xc6, 0x0f,
    0xc0, 0x07, 0x00, 0x00
};
static const uint8_t ui_menu_16_72b6[] = {
    0x00, 0x00, 0x00, 0x00, 0x30, 0x26, 0x30, 0x76, 0x32, 0x66, 0x36, 0x06, 0xbe, 0x7f, 0xfc, 0x7f,
    0x30, 0x0e, 0x38, 0x0e, 0x3c, 0x0e, 0x3f, 0x1f, 0x37, 0x1b, 0xb2, 0x33, 0xf0, 0x71, 0xf0, 0x60,
    0xb0, 0x40, 0x00, 0x00
};
static const uint8_t ui_menu_16_7387[] = {
    0x00, 0x00, 0x00, 0x00, 0x80, 0x01, 0xfe, 0x7f, 0xfe, 0x7f, 0xc4, 0x24, 0xee, 0x37, 0xec, 0x13,
    0xd8, 0x32, 0xfe, 0x77, 0xe6, 0x6f, 0x80, 0x00, 0xff, 0xff, 0xff, 0xff, 0x80, 0x01, 0x80, 0x01,
    0x80, 0x01, 0x00, 0x00
};
static const uint8_t ui_menu_16_7535[] = {
    0x00, 0x00, 0x00, 0x00, 0xc0, 0x00, 0xc0, 0x01, 0xfe, 0x3f, 0xfe, 0x3f, 0xc6, 0x30, 0xfe, 0x3f,
    0xfe, 0x3f, 0xc6, 0x31, 0xc6, 0x31, 0xfe, 0x3f, 0xfe, 0x7f, 0xc6, 0xe0, 0xc0, 0x61, 0x80, 0x7f,
    0x00, 0x3f, 0x00, 0x00
};
static const uint8_t ui_menu_16_7684[] = {
    0x00, 0x00, 0x00, 0x00, 0x18, 0x0c, 0x18, 0x06, 0x7e, 0x7e, 0x7e, 0x7f, 0xe6, 0x63, 0xe6, 0x63,
    0x66, 0x62, 0x7e, 0x67, 0x7e, 0x66, 0x66, 0x6e, 0x66, 0x64, 0x66, 0x60, 0x7e, 0x70, 0x7e, 0x7e,
    0x66, 0x3c, 0x00, 0x00
};
static const uint8_t ui_menu_16_76ee[] = {
    0x00, 0x00, 0x00, 0x00, 0x00, 0x00, 0xfc, 0x3f, 0xfc, 0x3f, 0x0c, 0x30, 0x0c, 0x30, 0xfc, 0x3f,
    0x1c, 0x38, 0x0c, 0x30, 0xfc, 0x3f, 0xfc, 0x3f, 0x0c, 0x30, 0x0c, 0x30, 0xfc, 0x3f, 0xfc, 0x3f,
    0x0c, 0x30, 0x00, 0x00
};
static const uint8_t ui_menu_16_786e[] = {
    0x00, 0x00, 0x00, 0x00, 0x00, 0x03, 0xbe, 0x3f, 0xcc, 0x39, 0xcc, 0x18, 0xec, 0x7f, 0xde, 0x6c,
    0x9e, 0x6c, 0x97, 0x7f, 0x96, 0x6c, 0x96, 0x6c, 0xd6, 0x7f, 0xde, 0x6c, 0xfe, 0x6c, 0xc6, 0x7c,
    0x40, 0x34, 0x00, 0x00
};
static const uint8_t ui_menu_16_79d2[] = {
    0x00, 0x00, 0x00, 0x00, 0x38, 0x0c, 0x3f, 0x0c, 0x9e, 0x2d, 0x8c, 0x3d, 0xff, 0x6d, 0xff, 0xcc,
    0xcc, 0x4c, 0xdc, 0x2c, 0x3e, 0x6c, 0x7f, 0x38, 0x0f, 0x38, 0x0c, 0x1e, 0x0c, 0x0f, 0xcc, 0x03,
    0xcc, 0x00, 0x00, 0x00
};
static const uint8_t ui_menu_16_79f0[] = {
    0x00, 0x00, 0x00, 0x00, 0x30, 0x01, 0xbf, 0x03, 0x9e, 0x7f, 0x88, 0x7f, 0xfe, 0x60, 0xff, 0x6c,
    0x1c, 0x0c, 0x9c, 0x2d, 0xfe, 0x6d, 0xde, 0x6c, 0xcf, 0x6c, 0xca, 0xec, 0x08, 0x0c, 0x0c, 0x0f,
    0x08, 0x07, 0x00, 0x00
};
static const uint8_t ui_menu_16_7ad9[] = {
    0x00, 0x00, 0x00, 0x00, 0x1c, 0x0c, 0x18, 0x0c, 0x7e, 0xfc, 0xff, 0xfc, 0x20, 0x0c, 0x66, 0x0c,
    0x66, 0x1e, 0x66, 0x7f, 0x26, 0x7f, 0x3c, 0x63, 0x34, 0x63, 0xf0, 0x63, 0xff, 0x7f, 0x3f, 0x7f,
    0x00, 0x63, 0x00, 0x00
};
static const uint8_t ui_menu_16_7ec4[] = {
    0x00, 0x00, 0x00, 0x00, 0x98, 0x7f, 0x8c, 0x7f, 0x8c, 0x71, 0xe6, 0x61, 0xb7, 0x7f, 0x9e, 0x7f,
    0x98, 0x61, 0x8c, 0x61, 0x8e, 0x71, 0xbe, 0x7f, 0x8e, 0x71, 0x80, 0x61, 0xfe, 0x71, 0xff, 0xff,
    0x00, 0x00, 0x00, 0x00
};
static const uint8_t ui_menu_16_7ed1[] = {
    0x00, 0x00, 0x00, 0x00, 0x8c, 0x00, 0x8c, 0xfd, 0xe6, 0x6f, 0xf6, 0x6d, 0x9f, 0x6c, 0xfe, 0x6f,
    0xec, 0x3f, 0x86, 0x6d, 0x8e, 0x6c, 0xfe, 0xcf, 0xe0, 0xcf, 0xdc, 0xfc, 0xff, 0x7c, 0x60, 0x0c,
    0x20, 0x0c, 0x00, 0x00
};
static const uint8_t ui_menu_16_7ee7[] = {
    0x00, 0x00, 0x00, 0x00, 0x0c, 0x18, 0xcc, 0x49, 0xcc, 0x6b, 0xe6, 0x7a, 0xff, 0x18, 0xdf, 0x7f,
    0xcc, 0x1c, 0xcc, 0x1c, 0xde, 0x7e, 0xde, 0x7f, 0xc2, 0x49, 0xf0, 0x08, 0xff, 0x08, 0xc2, 0xff,
    0xc0, 0x7f, 0x00, 0x00
};
static const uint8_t ui_menu_16_7f51[] = {
    0x00, 0x00, 0x00, 0x00, 0xfe, 0x7f, 0xfe, 0x7f, 0x06, 0x60, 0x9e, 0x79, 0xde, 0x7b, 0xf6, 0x6f,
    0x76, 0x6e, 0x66, 0x66, 0x66, 0x66, 0xf6, 0x6f, 0xfe, 0x6f, 0xde, 0x79, 0x8e, 0x61, 0x06, 0x7c,
    0x06, 0x3c, 0x00, 0x00
};
static const uint8_t ui_menu_16_7f6e[] = {
    0x00, 0x00, 0x00, 0x00, 0xfe, 0x7f, 0x6e, 0x76, 0x6e, 0x76, 0xfc, 0x3f, 0xc0, 0x01, 0xfe, 0x7f,
    0xf0, 0x0f, 0xfc, 0x3f, 0xfc, 0x3f, 0xfc, 0x3f, 0xfc, 0x3f, 0x0c, 0x30, 0xfc, 0x3f, 0xff, 0xff,
    0xff, 0xff, 0x00, 0x00
};
static const uint8_t ui_menu_16_84dd[] = {
    0x00, 0x00, 0x00, 0x00, 0x70, 0x0e, 0xff, 0xff, 0x70, 0x0e, 0x20, 0x02, 0x66, 0x7f, 0x66, 0x7f,
    0xe6, 0x1b, 0xe6, 0x31, 0x00, 0x10, 0xfc, 0x3f, 0xec, 0x37, 0x6c, 0x36, 0x6c, 0x36, 0xff, 0xff,
    0x00, 0x00, 0x00, 0x00
};
static const uint8_t ui_menu_16_88c5[] = {
    0x00, 0x00, 0x00, 0x00, 0x36, 0x0c, 0xbe, 0x7f, 0xf4, 0x7f, 0x38, 0x0c, 0xbe, 0x7f, 0xb6, 0x7f,
    0x80, 0x01, 0xfe, 0x7f, 0xff, 0xff, 0xe0, 0x23, 0x70, 0x3b, 0x3e, 0x1e, 0xfe, 0x1f, 0xf0, 0x79,
    0x70, 0x60, 0x00, 0x00
};
static const uint8_t ui_menu_16_89e3[] = {
    0x00, 0x00, 0x00, 0x00, 0x0c, 0x7f, 0x7c, 0x7f, 0x66, 0x66, 0x77, 0x66, 0xfe, 0x7b, 0x5e, 0x12,
    0x5e, 0x1a, 0x7e, 0x7f, 0xd6, 0x7f, 0xde, 0x19, 0x7e, 0x18, 0xde, 0xff, 0xd2, 0x38, 0x73, 0x18,
    0x62, 0x18, 0x00, 0x00
};
static const uint8_t ui_menu_16_8b66[] = {
    0x00, 0x00, 0x00, 0x00, 0xfe, 0x0d, 0xfe, 0xff, 0xfc, 0x66, 0xd6, 0x3f, 0xbe, 0x38, 0xfc, 0x7c,
    0xe4, 0x47, 0xfe, 0x7f, 0xfe, 0x7f, 0xf8, 0x1f, 0x08, 0x10, 0x00, 0x00, 0xfc, 0x3f, 0xfc, 0x3f,
    0xfc, 0x3f, 0x00, 0x00
};
static const uint8_t ui_menu_16_8ba4[] = {
    0x00, 0x00, 0x00, 0x00, 0x0c, 0x06, 0x1c, 0x06, 0x18, 0x06, 0x00, 0x06, 0x00, 0x06, 0x0f, 0x06,
    0x0e, 0x0e, 0x0c, 0x0f, 0x0c, 0x0f, 0x2c, 0x1f, 0xbc, 0x1b, 0xdc, 0x39, 0xec, 0x70, 0xe4, 0x60,
    0x40, 0x00, 0x00, 0x00
};
static const uint8_t ui_menu_16_8bbe[] = {
    0x00, 0x00, 0x00, 0x00, 0x84, 0x1f, 0x8e, 0x3f, 0xdc, 0x19, 0xc0, 0x38, 0xe0, 0xf0, 0x4f, 0x00,
    0xcf, 0x3f, 0xcc, 0x7f, 0xcc, 0x30, 0xcc, 0x39, 0xbc, 0x1f, 0x1c, 0x0f, 0xdc, 0x3f, 0xe4, 0x79,
    0x60, 0x60, 0x00, 0x00
};
static const uint8_t ui_menu_16_8bd5[] = {
    0x00, 0x00, 0x00, 0x00, 0x06, 0x3c, 0x06, 0x6c, 0x0c, 0x6c, 0xe0, 0xff, 0xe0, 0x7f, 0x0f, 0x0c,
    0x0f, 0x0c, 0xec, 0x0f, 0xcc, 0x19, 0xcc, 0x18, 0xcc, 0x18, 0xdc, 0xd9, 0xfc, 0xfb, 0xfe, 0x7b,
    0x04, 0x70, 0x00, 0x00
};
static const uint8_t ui_menu_16_8bef[] = {
    0x00, 0x00, 0x00, 0x00, 0xc6, 0x7f, 0xce, 0x7f, 0xcc, 0x60, 0xc0, 0x70, 0xc0, 0x7f, 0x0f, 0x00,
    0xcf, 0x7f, 0xec, 0x7f, 0x0c, 0x06, 0xec, 0xff, 0xec, 0xff, 0x1c, 0x0f, 0xde, 0x3b, 0xe4, 0x71,
    0x60, 0x60, 0x00, 0x00
};
static const uint8_t ui_menu_16_8bf7[] = {
    0x00, 0x00, 0x00, 0x00, 0x06, 0x06, 0xe6, 0x7f, 0x0c, 0x07, 0xe0, 0x7f, 0x00, 0x07, 0xf7, 0xff,
    0x07, 0x00, 0xe4, 0x3f, 0xe4, 0x70, 0xe4, 0x7f, 0xe4, 0x76, 0xfc, 0x7f, 0xfc, 0x73, 0x6e, 0x30,
    0x64, 0x3c, 0x00, 0x00
};
static const uint8_t ui_menu_16_8c03[] = {
    0x00, 0x00, 0x00, 0x00, 0xe6, 0x7f, 0xee, 0x7f, 0x6c, 0x66, 0xe0, 0x6f, 0x67, 0x6f, 0x67, 0x66,
    0xe6, 0x7f, 0x66, 0x60, 0xa6, 0x6f, 0xbe, 0x6d, 0xbe, 0x69, 0xb6, 0x6f, 0xb6, 0x61, 0x38, 0x78,
    0x30, 0x38, 0x00, 0x00
};
static const uint8_t ui_menu_16_8fd4[] = {
    0x00, 0x00, 0x00, 0x00, 0x06, 0x7c, 0xce, 0x7f, 0xcc, 0x00, 0xc8, 0x00, 0xc0, 0x7f, 0xcf, 0x7f,
    0x4f, 0x72, 0x6c, 0x3f, 0x6c, 0x1e, 0x7c, 0x3e, 0xec, 0x7f, 0x8e, 0x63, 0xbf, 0x61, 0xf2, 0x7f,
    0x00, 0x00, 0x00, 0x00
};
static const uint8_t ui_menu_16_901a[] = {
    0x00, 0x00, 0x00, 0x00, 0xe6, 0x7f, 0xee, 0x7f, 0x8c, 0x39, 0x80, 0x1f, 0xe0, 0x7f, 0x66, 0x66,
    0xef, 0x7f, 0xec, 0x7f, 0x6c, 0x66, 0xec, 0x7f, 0x6c, 0x66, 0x6c, 0x7e, 0x3f, 0x30, 0xfa, 0xff,
    0xc0, 0x7f, 0x00, 0x00
};
static const uint8_t ui_menu_16_91cd[] = {
    0x00, 0x00, 0x00, 0x00, 0xfc, 0x3f, 0xfc, 0x3f, 0xc0, 0x03, 0xff, 0xff, 0x80, 0x01, 0xfc, 0x3f,
    0x8c, 0x31, 0xfc, 0x3f, 0x8c, 0x31, 0xfc, 0x3f, 0x80, 0x01, 0xfe, 0x7f, 0x80, 0x01, 0xff, 0xff,
    0xfe, 0xff, 0x00, 0x00
};
static const uint8_t ui_menu_16_9519[] = {
    0x00, 0x00, 0x00, 0x00, 0x0c, 0x33, 0x8c, 0x3b, 0xfe, 0x7f, 0x06, 0x33, 0x87, 0x33, 0xff, 0xff,
    0x0c, 0x00, 0x8c, 0x7f, 0xbf, 0x7f, 0x8c, 0x61, 0x8c, 0x7f, 0xbc, 0x61, 0xbc, 0x61, 0x8c, 0x7f,
    0x84, 0x61, 0x00, 0x00
};
static const uint8_t ui_menu_16_952e[] = {
    0x00, 0x00, 0x00, 0x00, 0x04, 0x08, 0xe6, 0x7f, 0xde, 0x6c, 0xc6, 0x7f, 0x43, 0x7e, 0x7f, 0x7c,
    0xe6, 0x7f, 0xce, 0x0c, 0x9f, 0x7f, 0xe4, 0x0c, 0xe4, 0x7f, 0xcc, 0x1c, 0xec, 0x09, 0xf6, 0xff,
    0x30, 0x7c, 0x00, 0x00
};
static const uint8_t ui_menu_16_95f4[] = {
    0x00, 0x00, 0x00, 0x00, 0x18, 0x00, 0xb8, 0x7f, 0x36, 0x60, 0x06, 0x60, 0xe6, 0x67, 0x66, 0x66,
    0x26, 0x64, 0xe6, 0x67, 0xe6, 0x67, 0x26, 0x64, 0xe6, 0x67, 0xe6, 0x67, 0x26, 0x60, 0x06, 0x7c,
    0x06, 0x3c, 0x00, 0x00
};
static const uint8_t ui_menu_16_9875[] = {
    0x00, 0x00, 0x00, 0x00, 0xfe, 0x7f, 0xfe, 0x7f, 0xc0, 0x01, 0xc0, 0x00, 0xfc, 0x3f, 0xfc, 0x3e,
    0x0c, 0x30, 0x8c, 0x31, 0x8c, 0x31, 0x8c, 0x31, 0xcc, 0x31, 0xe0, 0x0f, 0x78, 0x3e, 0x3e, 0x78,
    0x0e, 0x60, 0x00, 0x00
};
static const uint8_t ui_menu_16_ff1a[] = {
    0x00, 0x00, 0x00, 0x00, 0x00, 0x00, 0x00, 0x00, 0x00, 0x00, 0x00, 0x00, 0x18, 0x00, 0x18, 0x00,
    0x00, 0x00, 0x00, 0x00, 0x00, 0x00, 0x00, 0x00, 0x00, 0x00, 0x18, 0x00, 0x18, 0x00, 0x00, 0x00,
    0x00, 0x00, 0x00, 0x00
};
static const ui_menu_glyph_t ui_menu_glyphs_16[] = {
    {0x0020, 5u, ui_menu_16_0020},
    {0x0025, 15u, ui_menu_16_0025},
    {0x002d, 7u, ui_menu_16_002d},
    {0x002e, 4u, ui_menu_16_002e},
    {0x0030, 10u, ui_menu_16_0030},
    {0x0031, 10u, ui_menu_16_0031},
    {0x0032, 10u, ui_menu_16_0032},
    {0x0033, 10u, ui_menu_16_0033},
    {0x0034, 10u, ui_menu_16_0034},
    {0x0035, 10u, ui_menu_16_0035},
    {0x0036, 10u, ui_menu_16_0036},
    {0x0037, 10u, ui_menu_16_0037},
    {0x0038, 10u, ui_menu_16_0038},
    {0x0039, 10u, ui_menu_16_0039},
    {0x003a, 4u, ui_menu_16_003a},
    {0x003f, 8u, ui_menu_16_003f},
    {0x0042, 11u, ui_menu_16_0042},
    {0x0056, 12u, ui_menu_16_0056},
    {0x0062, 11u, ui_menu_16_0062},
    {0x0064, 11u, ui_menu_16_0064},
    {0x006d, 16u, ui_menu_16_006d},
    {0x4e00, 16u, ui_menu_16_4e00},
    {0x4e0a, 16u, ui_menu_16_4e0a},
    {0x4e0d, 16u, ui_menu_16_4e0d},
    {0x4e2a, 16u, ui_menu_16_4e2a},
    {0x4e2d, 16u, ui_menu_16_4e2d},
    {0x4e3a, 16u, ui_menu_16_4e3a},
    {0x4e3b, 16u, ui_menu_16_4e3b},
    {0x4eae, 16u, ui_menu_16_4eae},
    {0x4ed6, 16u, ui_menu_16_4ed6},
    {0x4f20, 16u, ui_menu_16_4f20},
    {0x4fdd, 16u, ui_menu_16_4fdd},
    {0x4fe1, 16u, ui_menu_16_4fe1},
    {0x5176, 16u, ui_menu_16_5176},
    {0x51fa, 16u, ui_menu_16_51fa},
    {0x5206, 16u, ui_menu_16_5206},
    {0x5230, 16u, ui_menu_16_5230},
    {0x524d, 16u, ui_menu_16_524d},
    {0x529f, 16u, ui_menu_16_529f},
    {0x533a, 16u, ui_menu_16_533a},
    {0x5382, 16u, ui_menu_16_5382},
    {0x538b, 16u, ui_menu_16_538b},
    {0x53f7, 16u, ui_menu_16_53f7},
    {0x540d, 16u, ui_menu_16_540d},
    {0x542f, 16u, ui_menu_16_542f},
    {0x56de, 16u, ui_menu_16_56de},
    {0x5730, 16u, ui_menu_16_5730},
    {0x5740, 16u, ui_menu_16_5740},
    {0x5907, 16u, ui_menu_16_5907},
    {0x590d, 16u, ui_menu_16_590d},
    {0x59cb, 16u, ui_menu_16_59cb},
    {0x5b58, 16u, ui_menu_16_5b58},
    {0x5b89, 16u, ui_menu_16_5b89},
    {0x5b9a, 16u, ui_menu_16_5b9a},
    {0x5c4f, 16u, ui_menu_16_5c4f},
    {0x5df2, 16u, ui_menu_16_5df2},
    {0x5e38, 16u, ui_menu_16_5e38},
    {0x5e76, 16u, ui_menu_16_5e76},
    {0x5e8f, 16u, ui_menu_16_5e8f},
    {0x5f00, 16u, ui_menu_16_5f00},
    {0x5f02, 16u, ui_menu_16_5f02},
    {0x6001, 16u, ui_menu_16_6001},
    {0x603b, 16u, ui_menu_16_603b},
    {0x6062, 16u, ui_menu_16_6062},
    {0x606f, 16u, ui_menu_16_606f},
    {0x6210, 16u, ui_menu_16_6210},
    {0x626b, 16u, ui_menu_16_626b},
    {0x62a5, 16u, ui_menu_16_62a5},
    {0x6309, 16u, ui_menu_16_6309},
    {0x63cf, 16u, ui_menu_16_63cf},
    {0x6539, 16u, ui_menu_16_6539},
    {0x6570, 16u, ui_menu_16_6570},
    {0x65e0, 16u, ui_menu_16_65e0},
    {0x65f6, 16u, ui_menu_16_65f6},
    {0x66f4, 16u, ui_menu_16_66f4},
    {0x672c, 16u, ui_menu_16_672c},
    {0x673a, 16u, ui_menu_16_673a},
    {0x6b21, 16u, ui_menu_16_6b21},
    {0x6bd4, 16u, ui_menu_16_6bd4},
    {0x6c47, 16u, ui_menu_16_6c47},
    {0x6d4b, 16u, ui_menu_16_6d4b},
    {0x7259, 16u, ui_menu_16_7259},
    {0x72b6, 16u, ui_menu_16_72b6},
    {0x7387, 16u, ui_menu_16_7387},
    {0x7535, 16u, ui_menu_16_7535},
    {0x7684, 16u, ui_menu_16_7684},
    {0x76ee, 16u, ui_menu_16_76ee},
    {0x786e, 16u, ui_menu_16_786e},
    {0x79d2, 16u, ui_menu_16_79d2},
    {0x79f0, 16u, ui_menu_16_79f0},
    {0x7ad9, 16u, ui_menu_16_7ad9},
    {0x7ec4, 16u, ui_menu_16_7ec4},
    {0x7ed1, 16u, ui_menu_16_7ed1},
    {0x7ee7, 16u, ui_menu_16_7ee7},
    {0x7f51, 16u, ui_menu_16_7f51},
    {0x7f6e, 16u, ui_menu_16_7f6e},
    {0x84dd, 16u, ui_menu_16_84dd},
    {0x88c5, 16u, ui_menu_16_88c5},
    {0x89e3, 16u, ui_menu_16_89e3},
    {0x8b66, 16u, ui_menu_16_8b66},
    {0x8ba4, 16u, ui_menu_16_8ba4},
    {0x8bbe, 16u, ui_menu_16_8bbe},
    {0x8bd5, 16u, ui_menu_16_8bd5},
    {0x8bef, 16u, ui_menu_16_8bef},
    {0x8bf7, 16u, ui_menu_16_8bf7},
    {0x8c03, 16u, ui_menu_16_8c03},
    {0x8fd4, 16u, ui_menu_16_8fd4},
    {0x901a, 16u, ui_menu_16_901a},
    {0x91cd, 16u, ui_menu_16_91cd},
    {0x9519, 16u, ui_menu_16_9519},
    {0x952e, 16u, ui_menu_16_952e},
    {0x95f4, 16u, ui_menu_16_95f4},
    {0x9875, 16u, ui_menu_16_9875},
    {0xff1a, 16u, ui_menu_16_ff1a},
};
static const uint8_t ui_menu_18_0020[] = {
    0x00, 0x00, 0x00, 0x00, 0x00, 0x00, 0x00, 0x00, 0x00, 0x00, 0x00, 0x00, 0x00, 0x00, 0x00, 0x00,
    0x00, 0x00, 0x00, 0x00
};
static const uint8_t ui_menu_18_0025[] = {
    0x00, 0x00, 0x00, 0x00, 0x00, 0x00, 0x00, 0x00, 0x00, 0x18, 0x00, 0x00, 0x7c, 0x18, 0x00, 0x66,
    0x18, 0x00, 0x46, 0x0c, 0x00, 0x66, 0x06, 0x00, 0x66, 0x06, 0x00, 0x3c, 0x03, 0x00, 0x80, 0x31,
    0x00, 0xc0, 0x7d, 0x00, 0xc0, 0xc4, 0x00, 0x60, 0xc6, 0x00, 0x70, 0xc6, 0x00, 0x30, 0x6c, 0x00,
    0x18, 0x7c, 0x00, 0x00, 0x00, 0x00, 0x00, 0x00, 0x00, 0x00, 0x00, 0x00
};
static const uint8_t ui_menu_18_002d[] = {
    0x00, 0x00, 0x00, 0x00, 0x00, 0x00, 0x00, 0x00, 0x00, 0x00, 0x00, 0x3e, 0x3c, 0x00, 0x00, 0x00,
    0x00, 0x00, 0x00, 0x00
};
static const uint8_t ui_menu_18_002e[] = {
    0x00, 0x00, 0x00, 0x00, 0x00, 0x00, 0x00, 0x00, 0x00, 0x00, 0x00, 0x00, 0x00, 0x00, 0x0c, 0x0e,
    0x0e, 0x00, 0x00, 0x00
};
static const uint8_t ui_menu_18_0030[] = {
    0x00, 0x00, 0x00, 0x00, 0x00, 0x00, 0x70, 0x00, 0xf8, 0x01, 0xdc, 0x03, 0x8e, 0x03, 0x8e, 0x03,
    0x8e, 0x03, 0x0e, 0x03, 0x0e, 0x03, 0x0e, 0x03, 0x8e, 0x03, 0x8e, 0x03, 0x9e, 0x03, 0xfc, 0x01,
    0xf8, 0x00, 0x00, 0x00, 0x00, 0x00, 0x00, 0x00
};
static const uint8_t ui_menu_18_0031[] = {
    0x00, 0x00, 0x00, 0x00, 0x00, 0x00, 0x40, 0x00, 0x70, 0x00, 0x7c, 0x00, 0x7c, 0x00, 0x64, 0x00,
    0x60, 0x00, 0x60, 0x00, 0x60, 0x00, 0x60, 0x00, 0x60, 0x00, 0x60, 0x00, 0x60, 0x00, 0x60, 0x00,
    0x60, 0x00, 0x00, 0x00, 0x00, 0x00, 0x00, 0x00
};
static const uint8_t ui_menu_18_0032[] = {
    0x00, 0x00, 0x00, 0x00, 0x00, 0x00, 0x70, 0x00, 0xfc, 0x01, 0xee, 0x03, 0x80, 0x03, 0x80, 0x03,
    0x80, 0x03, 0xc0, 0x01, 0xe0, 0x01, 0x70, 0x00, 0x3c, 0x00, 0x1c, 0x00, 0x1e, 0x00, 0xfe, 0x03,
    0xfe, 0x03, 0x00, 0x00, 0x00, 0x00, 0x00, 0x00
};
static const uint8_t ui_menu_18_0033[] = {
    0x00, 0x00, 0x00, 0x00, 0x00, 0x00, 0x78, 0x00, 0xfc, 0x01, 0xe4, 0x01, 0xc0, 0x01, 0x80, 0x01,
    0xc0, 0x01, 0xf8, 0x00, 0xf8, 0x00, 0xc0, 0x01, 0x80, 0x03, 0x80, 0x03, 0xc0, 0x03, 0xfe, 0x01,
    0xfc, 0x00, 0x00, 0x00, 0x00, 0x00, 0x00, 0x00
};
static const uint8_t ui_menu_18_0034[] = {
    0x00, 0x00, 0x00, 0x00, 0x00, 0x00, 0x00, 0x00, 0xc0, 0x01, 0xe0, 0x01, 0xe0, 0x01, 0xf0, 0x01,
    0xd8, 0x01, 0xdc, 0x01, 0xcc, 0x01, 0xc6, 0x01, 0xff, 0x07, 0xff, 0x07, 0xc0, 0x01, 0xc0, 0x01,
    0xc0, 0x01, 0x00, 0x00, 0x00, 0x00, 0x00, 0x00
};
static const uint8_t ui_menu_18_0035[] = {
    0x00, 0x00, 0x00, 0x00, 0x00, 0x00, 0x00, 0x00, 0xfc, 0x01, 0xfc, 0x01, 0x0c, 0x00, 0x0c, 0x00,
    0x1c, 0x00, 0xfc, 0x01, 0xfc, 0x01, 0x80, 0x03, 0x80, 0x03, 0x80, 0x03, 0xc0, 0x03, 0xfe, 0x01,
    0xfc, 0x00, 0x00, 0x00, 0x00, 0x00, 0x00, 0x00
};
static const uint8_t ui_menu_18_0036[] = {
    0x00, 0x00, 0x00, 0x00, 0x00, 0x00, 0xe0, 0x01, 0xf8, 0x01, 0x38, 0x01, 0x1c, 0x00, 0x0c, 0x00,
    0xce, 0x00, 0xfe, 0x01, 0x9e, 0x03, 0x8e, 0x03, 0x0e, 0x03, 0x8e, 0x03, 0x9c, 0x03, 0xfc, 0x01,
    0xf8, 0x00, 0x00, 0x00, 0x00, 0x00, 0x00, 0x00
};
static const uint8_t ui_menu_18_0037[] = {
    0x00, 0x00, 0x00, 0x00, 0x00, 0x00, 0x00, 0x00, 0xfe, 0x03, 0xfe, 0x03, 0x80, 0x01, 0xc0, 0x01,
    0xc0, 0x00, 0xe0, 0x00, 0xe0, 0x00, 0x70, 0x00, 0x70, 0x00, 0x30, 0x00, 0x38, 0x00, 0x38, 0x00,
    0x38, 0x00, 0x00, 0x00, 0x00, 0x00, 0x00, 0x00
};
static const uint8_t ui_menu_18_0038[] = {
    0x00, 0x00, 0x00, 0x00, 0x00, 0x00, 0x70, 0x00, 0xfc, 0x01, 0xdc, 0x01, 0x8e, 0x03, 0x8e, 0x03,
    0xdc, 0x01, 0xf8, 0x00, 0xfc, 0x01, 0x8e, 0x03, 0x8e, 0x03, 0x06, 0x03, 0x8e, 0x03, 0xfc, 0x01,
    0xf8, 0x00, 0x00, 0x00, 0x00, 0x00, 0x00, 0x00
};
static const uint8_t ui_menu_18_0039[] = {
    0x00, 0x00, 0x00, 0x00, 0x00, 0x00, 0x70, 0x00, 0xfc, 0x01, 0xde, 0x01, 0x8e, 0x03, 0x86, 0x03,
    0x8e, 0x03, 0x8e, 0x03, 0xfc, 0x03, 0xb8, 0x03, 0x80, 0x03, 0x80, 0x03, 0xc0, 0x01, 0xfe, 0x00,
    0x7c, 0x00, 0x00, 0x00, 0x00, 0x00, 0x00, 0x00
};
static const uint8_t ui_menu_18_003a[] = {
    0x00, 0x00, 0x00, 0x00, 0x00, 0x00, 0x00, 0x0c, 0x0e, 0x0e, 0x00, 0x00, 0x00, 0x00, 0x0c, 0x0e,
    0x0e, 0x00, 0x00, 0x00
};
static const uint8_t ui_menu_18_003f[] = {
    0x00, 0x00, 0x00, 0x38, 0xfe, 0xfe, 0xe0, 0xe0, 0xe0, 0x70, 0x38, 0x18, 0x18, 0x00, 0x18, 0x3c,
    0x18, 0x00, 0x00, 0x00
};
static const uint8_t ui_menu_18_0042[] = {
    0x00, 0x00, 0x00, 0x00, 0x00, 0x00, 0x00, 0x00, 0xfc, 0x03, 0xfc, 0x07, 0x0c, 0x07, 0x0c, 0x07,
    0x8c, 0x03, 0xfc, 0x01, 0xfc, 0x03, 0x1c, 0x07, 0x0c, 0x07, 0x0c, 0x07, 0x1c, 0x07, 0xfc, 0x07,
    0xfc, 0x01, 0x00, 0x00, 0x00, 0x00, 0x00, 0x00
};
static const uint8_t ui_menu_18_0056[] = {
    0x00, 0x00, 0x00, 0x00, 0x00, 0x00, 0x00, 0x00, 0x07, 0x0e, 0x0e, 0x0e, 0x0e, 0x0e, 0x0e, 0x06,
    0x1c, 0x07, 0x1c, 0x07, 0x1c, 0x03, 0xb8, 0x03, 0xb8, 0x03, 0xf0, 0x01, 0xf0, 0x01, 0xf0, 0x00,
    0xe0, 0x00, 0x00, 0x00, 0x00, 0x00, 0x00, 0x00
};
static const uint8_t ui_menu_18_0062[] = {
    0x00, 0x00, 0x00, 0x00, 0x00, 0x00, 0x0e, 0x00, 0x0e, 0x00, 0x0e, 0x00, 0x0e, 0x00, 0xee, 0x01,
    0xfe, 0x03, 0x9e, 0x07, 0x0e, 0x07, 0x0e, 0x07, 0x0e, 0x07, 0x0e, 0x07, 0x9e, 0x07, 0xfe, 0x03,
    0xee, 0x01, 0x00, 0x00, 0x00, 0x00, 0x00, 0x00
};
static const uint8_t ui_menu_18_0064[] = {
    0x00, 0x00, 0x00, 0x00, 0x00, 0x00, 0x00, 0x07, 0x00, 0x07, 0x00, 0x07, 0x00, 0x07, 0x78, 0x07,
    0xfc, 0x07, 0x9e, 0x07, 0x0e, 0x07, 0x0e, 0x07, 0x0e, 0x07, 0x0e, 0x07, 0x8e, 0x07, 0xfc, 0x07,
    0x78, 0x07, 0x00, 0x00, 0x00, 0x00, 0x00, 0x00
};
static const uint8_t ui_menu_18_006d[] = {
    0x00, 0x00, 0x00, 0x00, 0x00, 0x00, 0x00, 0x00, 0x00, 0x00, 0x00, 0x00, 0x00, 0x00, 0x00, 0x00,
    0x00, 0x00, 0x00, 0x00, 0x00, 0xcc, 0x71, 0x00, 0xfe, 0xff, 0x00, 0x9e, 0xe7, 0x00, 0x8e, 0xc3,
    0x00, 0x0e, 0xc3, 0x00, 0x0e, 0xc3, 0x00, 0x0e, 0xc3, 0x00, 0x0e, 0xc3, 0x00, 0x0e, 0xc3, 0x00,
    0x0e, 0xc3, 0x00, 0x00, 0x00, 0x00, 0x00, 0x00, 0x00, 0x00, 0x00, 0x00
};
static const uint8_t ui_menu_18_4e00[] = {
    0x00, 0x00, 0x00, 0x00, 0x00, 0x00, 0x00, 0x00, 0x00, 0x00, 0x00, 0x00, 0x00, 0x00, 0x00, 0x00,
    0x00, 0x00, 0x00, 0x00, 0x00, 0x00, 0x00, 0x00, 0x00, 0x00, 0x00, 0xfe, 0xff, 0x01, 0xff, 0xff,
    0x03, 0xfe, 0xff, 0x01, 0x00, 0x00, 0x00, 0x00, 0x00, 0x00, 0x00, 0x00, 0x00, 0x00, 0x00, 0x00,
    0x00, 0x00, 0x00, 0x00, 0x00, 0x00, 0x00, 0x00, 0x00, 0x00, 0x00, 0x00
};
static const uint8_t ui_menu_18_4e0a[] = {
    0x00, 0x00, 0x00, 0x00, 0x00, 0x00, 0x80, 0x03, 0x00, 0x80, 0x03, 0x00, 0x80, 0x03, 0x00, 0x80,
    0x03, 0x00, 0x80, 0x03, 0x00, 0x80, 0xff, 0x00, 0x80, 0xff, 0x00, 0x80, 0x03, 0x00, 0x80, 0x03,
    0x00, 0x80, 0x03, 0x00, 0x80, 0x03, 0x00, 0x80, 0x03, 0x00, 0x80, 0x03, 0x00, 0x80, 0x03, 0x00,
    0xfe, 0xff, 0x01, 0xff, 0xff, 0x03, 0x00, 0x00, 0x00, 0x00, 0x00, 0x00
};
static const uint8_t ui_menu_18_4e0d[] = {
    0x00, 0x00, 0x00, 0x00, 0x00, 0x00, 0x00, 0x00, 0x00, 0xfe, 0xff, 0x01, 0xfe, 0xff, 0x01, 0xfe,
    0xff, 0x01, 0x00, 0x03, 0x00, 0x80, 0x03, 0x00, 0xc0, 0x03, 0x00, 0xe0, 0x13, 0x00, 0xe0, 0x3f,
    0x00, 0xf0, 0x7b, 0x00, 0x3c, 0xf3, 0x00, 0x1e, 0xe3, 0x01, 0x0e, 0xc3, 0x01, 0x04, 0x83, 0x00,
    0x00, 0x03, 0x00, 0x00, 0x03, 0x00, 0x00, 0x03, 0x00, 0x00, 0x00, 0x00
};
static const uint8_t ui_menu_18_4e2a[] = {
    0x00, 0x00, 0x00, 0x00, 0x00, 0x00, 0x00, 0x03, 0x00, 0x80, 0x07, 0x00, 0xc0, 0x0f, 0x00, 0xc0,
    0x0f, 0x00, 0xe0, 0x1c, 0x00, 0x78, 0x78, 0x00, 0x3c, 0xf0, 0x00, 0x1e, 0xe3, 0x01, 0x0e, 0xc3,
    0x01, 0x04, 0x03, 0x00, 0x00, 0x03, 0x00, 0x00, 0x03, 0x00, 0x00, 0x03, 0x00, 0x00, 0x03, 0x00,
    0x00, 0x03, 0x00, 0x00, 0x03, 0x00, 0x00, 0x03, 0x00, 0x00, 0x00, 0x00
};
static const uint8_t ui_menu_18_4e2d[] = {
    0x00, 0x00, 0x00, 0x00, 0x00, 0x00, 0x00, 0x03, 0x00, 0x00, 0x03, 0x00, 0x00, 0x03, 0x00, 0xfe,
    0xff, 0x01, 0xfe, 0xff, 0x01, 0x8e, 0xc7, 0x01, 0x0e, 0xc3, 0x01, 0x0e, 0xc3, 0x01, 0x0e, 0xc3,
    0x01, 0xfe, 0xff, 0x01, 0xfe, 0xff, 0x01, 0xfe, 0xff, 0x01, 0x0e, 0x83, 0x01, 0x00, 0x03, 0x00,
    0x00, 0x03, 0x00, 0x00, 0x03, 0x00, 0x00, 0x03, 0x00, 0x00, 0x00, 0x00
};
static const uint8_t ui_menu_18_4e3a[] = {
    0x00, 0x00, 0x00, 0x00, 0x00, 0x00, 0x88, 0x03, 0x00, 0x9c, 0x03, 0x00, 0xb8, 0x01, 0x00, 0x98,
    0x01, 0x00, 0xfe, 0xff, 0x01, 0xfe, 0xff, 0x01, 0xc0, 0xc1, 0x01, 0xc0, 0xc1, 0x01, 0xc0, 0xc7,
    0x01, 0xc0, 0xcf, 0x01, 0xe0, 0xdc, 0x00, 0xe0, 0xc8, 0x00, 0x70, 0xc0, 0x00, 0x78, 0xc0, 0x00,
    0x3c, 0xe0, 0x00, 0x1e, 0xfe, 0x00, 0x0e, 0x7e, 0x00, 0x00, 0x00, 0x00
};
static const uint8_t ui_menu_18_4e3b[] = {
    0x00, 0x00, 0x00, 0x00, 0x00, 0x00, 0x00, 0x03, 0x00, 0x80, 0x03, 0x00, 0x00, 0x03, 0x00, 0xfc,
    0xff, 0x00, 0xfe, 0xff, 0x01, 0xbc, 0xf7, 0x00, 0x00, 0x03, 0x00, 0x00, 0x03, 0x00, 0x00, 0x03,
    0x00, 0xfc, 0xff, 0x00, 0xfc, 0xff, 0x00, 0x00, 0x03, 0x00, 0x00, 0x03, 0x00, 0x00, 0x03, 0x00,
    0xfe, 0xff, 0x01, 0xff, 0xff, 0x03, 0xfe, 0xff, 0x01, 0x00, 0x00, 0x00
};
static const uint8_t ui_menu_18_4eae[] = {
    0x00, 0x00, 0x00, 0x00, 0x00, 0x00, 0x80, 0x03, 0x00, 0xfe, 0xff, 0x01, 0xfe, 0xff, 0x01, 0x00,
    0x00, 0x00, 0xf8, 0x7f, 0x00, 0x18, 0x60, 0x00, 0xf8, 0x7f, 0x00, 0xf8, 0x7f, 0x00, 0x00, 0x00,
    0x00, 0xfe, 0xff, 0x01, 0x06, 0x80, 0x01, 0xe6, 0x9f, 0x01, 0xe0, 0x1f, 0x00, 0x70, 0x1c, 0x01,
    0x78, 0x98, 0x03, 0x3e, 0xf8, 0x01, 0x0e, 0xf8, 0x01, 0x00, 0x00, 0x00
};
static const uint8_t ui_menu_18_4ed6[] = {
    0x00, 0x00, 0x00, 0x00, 0x00, 0x00, 0x10, 0x18, 0x00, 0x38, 0x1c, 0x00, 0xd8, 0x1d, 0x00, 0xd8,
    0xdd, 0x01, 0xdc, 0xff, 0x01, 0xfc, 0xff, 0x01, 0xfe, 0x9f, 0x01, 0xce, 0x99, 0x01, 0xcf, 0x9d,
    0x01, 0xce, 0xdd, 0x01, 0xcc, 0xfd, 0x00, 0xcc, 0x5d, 0x00, 0xcc, 0x9d, 0x01, 0xcc, 0x81, 0x03,
    0xcc, 0x81, 0x01, 0x8c, 0xff, 0x01, 0x0c, 0xff, 0x00, 0x00, 0x00, 0x00
};
static const uint8_t ui_menu_18_4f20[] = {
    0x00, 0x00, 0x00, 0x00, 0x00, 0x00, 0x10, 0x0c, 0x00, 0x38, 0x0e, 0x00, 0xd8, 0xff, 0x01, 0xd8,
    0xff, 0x01, 0x1c, 0x07, 0x00, 0x0c, 0x07, 0x00, 0xee, 0xff, 0x03, 0xce, 0xff, 0x03, 0x8f, 0x03,
    0x00, 0x8f, 0x03, 0x00, 0x8e, 0xff, 0x01, 0x0c, 0xe0, 0x01, 0x0c, 0xe0, 0x00, 0x8c, 0x7f, 0x00,
    0x0c, 0x3f, 0x00, 0x0c, 0xfc, 0x00, 0x0c, 0x60, 0x00, 0x00, 0x00, 0x00
};
static const uint8_t ui_menu_18_4fdd[] = {
    0x00, 0x00, 0x00, 0x00, 0x00, 0x00, 0x18, 0x00, 0x00, 0xd8, 0xff, 0x00, 0xd8, 0xff, 0x00, 0xdc,
    0xc0, 0x00, 0xcc, 0xc0, 0x00, 0xcc, 0xff, 0x00, 0xce, 0xff, 0x00, 0x0e, 0x1c, 0x00, 0x0f, 0x0c,
    0x00, 0xee, 0xff, 0x03, 0xee, 0xff, 0x03, 0x0c, 0x3f, 0x00, 0x8c, 0x7f, 0x00, 0xcc, 0xed, 0x00,
    0xec, 0xcc, 0x01, 0x6c, 0x8c, 0x01, 0x0c, 0x0c, 0x00, 0x00, 0x00, 0x00
};
static const uint8_t ui_menu_18_4fe1[] = {
    0x00, 0x00, 0x00, 0x00, 0x00, 0x00, 0x18, 0x0c, 0x00, 0x18, 0x1c, 0x00, 0xf8, 0xff, 0x03, 0xdc,
    0xff, 0x03, 0x0c, 0x00, 0x00, 0xcc, 0xff, 0x01, 0xce, 0xff, 0x00, 0x0e, 0x00, 0x00, 0xcf, 0xff,
    0x01, 0x8f, 0xbe, 0x00, 0x0e, 0x00, 0x00, 0xcc, 0xff, 0x01, 0xcc, 0xff, 0x01, 0xcc, 0xc0, 0x01,
    0xcc, 0xff, 0x01, 0xcc, 0xff, 0x01, 0xcc, 0xc1, 0x01, 0x00, 0x00, 0x00
};
static const uint8_t ui_menu_18_5176[] = {
    0x00, 0x00, 0x00, 0x00, 0x00, 0x00, 0x18, 0x60, 0x00, 0x18, 0x60, 0x00, 0xfe, 0xff, 0x01, 0xfe,
    0xff, 0x01, 0x18, 0x60, 0x00, 0xf8, 0x7f, 0x00, 0xf8, 0x7f, 0x00, 0x18, 0x60, 0x00, 0xf8, 0x7f,
    0x00, 0xf8, 0x7f, 0x00, 0x18, 0x60, 0x00, 0xfe, 0xff, 0x01, 0xff, 0xff, 0x03, 0x60, 0x08, 0x00,
    0x70, 0x38, 0x00, 0x7e, 0xf8, 0x01, 0x0e, 0xc0, 0x01, 0x00, 0x00, 0x00
};
static const uint8_t ui_menu_18_51fa[] = {
    0x00, 0x00, 0x00, 0x00, 0x00, 0x00, 0x00, 0x03, 0x00, 0x00, 0x03, 0x00, 0x0c, 0xc3, 0x00, 0x0c,
    0xc3, 0x00, 0x0c, 0xc3, 0x00, 0x0c, 0xc3, 0x00, 0xfc, 0xff, 0x00, 0xfc, 0xff, 0x00, 0x80, 0x03,
    0x00, 0x00, 0x03, 0x00, 0x0e, 0xc3, 0x01, 0x0e, 0xc3, 0x01, 0x0e, 0xc3, 0x01, 0x0e, 0xc3, 0x01,
    0xfe, 0xff, 0x01, 0xfe, 0xff, 0x01, 0xfc, 0xdf, 0x01, 0x00, 0x00, 0x00
};
static const uint8_t ui_menu_18_5206[] = {
    0x00, 0x00, 0x00, 0x00, 0x00, 0x00, 0x40, 0x00, 0x00, 0xe0, 0x1c, 0x00, 0xe0, 0x1c, 0x00, 0x70,
    0x38, 0x00, 0x38, 0x70, 0x00, 0x1c, 0xe0, 0x00, 0x0e, 0xc0, 0x03, 0xfe, 0xff, 0x01, 0xfc, 0x7f,
    0x00, 0xe0, 0x70, 0x00, 0xe0, 0x70, 0x00, 0xe0, 0x70, 0x00, 0x70, 0x70, 0x00, 0x70, 0x70, 0x00,
    0x3c, 0x7b, 0x00, 0x1e, 0x3f, 0x00, 0x0c, 0x1f, 0x00, 0x00, 0x00, 0x00
};
static const uint8_t ui_menu_18_5230[] = {
    0x00, 0x00, 0x00, 0x00, 0x00, 0x00, 0x00, 0x80, 0x01, 0xfe, 0xc3, 0x01, 0xff, 0x9b, 0x01, 0x38,
    0x98, 0x01, 0x9c, 0x99, 0x01, 0x8e, 0x99, 0x01, 0xfe, 0x9b, 0x01, 0xfe, 0x9f, 0x01, 0x30, 0x98,
    0x01, 0x70, 0x98, 0x01, 0xfe, 0x9b, 0x01, 0xfe, 0x9b, 0x01, 0x70, 0x98, 0x01, 0x70, 0xc0, 0x01,
    0xfe, 0xc3, 0x01, 0xff, 0xfb, 0x01, 0x00, 0xf0, 0x00, 0x00, 0x00, 0x00
};
static const uint8_t ui_menu_18_524d[] = {
    0x00, 0x00, 0x00, 0x00, 0x00, 0x00, 0x30, 0x30, 0x00, 0x70, 0x38, 0x00, 0xff, 0xff, 0x03, 0xff,
    0xff, 0x03, 0x00, 0x00, 0x00, 0xfe, 0xd9, 0x01, 0xfe, 0xdb, 0x01, 0x8e, 0xdb, 0x01, 0x8e, 0xdb,
    0x01, 0xfe, 0xdb, 0x01, 0x8e, 0xdb, 0x01, 0x8e, 0xdb, 0x01, 0xfe, 0xdb, 0x01, 0x8e, 0xc3, 0x01,
    0x8e, 0xc3, 0x01, 0xee, 0xfb, 0x01, 0xee, 0xf9, 0x00, 0x00, 0x00, 0x00
};
static const uint8_t ui_menu_18_529f[] = {
    0x00, 0x00, 0x00, 0x00, 0x00, 0x00, 0x00, 0x0c, 0x00, 0x00, 0x0c, 0x00, 0x7f, 0x0c, 0x00, 0xfe,
    0xff, 0x01, 0x98, 0xff, 0x01, 0x18, 0xce, 0x01, 0x18, 0x8e, 0x01, 0x18, 0x8e, 0x01, 0x18, 0x86,
    0x01, 0x18, 0x86, 0x01, 0x18, 0xc6, 0x01, 0x7c, 0xc7, 0x01, 0xff, 0xc7, 0x01, 0x9e, 0xc3, 0x01,
    0xc2, 0xe3, 0x01, 0xe0, 0xf9, 0x00, 0xc0, 0xf8, 0x00, 0x00, 0x00, 0x00
};
static const uint8_t ui_menu_18_533a[] = {
    0x00, 0x00, 0x00, 0x00, 0x00, 0x00, 0x00, 0x00, 0x00, 0xfe, 0xff, 0x01, 0xfe, 0xff, 0x01, 0x0e,
    0x20, 0x00, 0x4e, 0x30, 0x00, 0xee, 0x78, 0x00, 0xce, 0x39, 0x00, 0x8e, 0x1f, 0x00, 0x0e, 0x0f,
    0x00, 0x0e, 0x1f, 0x00, 0x8e, 0x3f, 0x00, 0xce, 0x79, 0x00, 0xee, 0xf0, 0x00, 0x6e, 0x60, 0x00,
    0xfe, 0xff, 0x01, 0xfe, 0xff, 0x03, 0xfc, 0xff, 0x01, 0x00, 0x00, 0x00
};
static const uint8_t ui_menu_18_5382[] = {
    0x00, 0x00, 0x00, 0x00, 0x00, 0x00, 0x00, 0x00, 0x00, 0xfc, 0xff, 0x03, 0xfc, 0xff, 0x03, 0x3c,
    0x00, 0x00, 0x1c, 0x00, 0x00, 0x1c, 0x00, 0x00, 0x1c, 0x00, 0x00, 0x1c, 0x00, 0x00, 0x1c, 0x00,
    0x00, 0x1c, 0x00, 0x00, 0x1c, 0x00, 0x00, 0x1c, 0x00, 0x00, 0x1c, 0x00, 0x00, 0x0e, 0x00, 0x00,
    0x0e, 0x00, 0x00, 0x0e, 0x00, 0x00, 0x04, 0x00, 0x00, 0x00, 0x00, 0x00
};
static const uint8_t ui_menu_18_538b[] = {
    0x00, 0x00, 0x00, 0x00, 0x00, 0x00, 0x00, 0x00, 0x00, 0xfc, 0xff, 0x01, 0xfc, 0xff, 0x03, 0x1c,
    0x0e, 0x00, 0x0c, 0x0e, 0x00, 0x0c, 0x0e, 0x00, 0x0c, 0x0e, 0x00, 0x0c, 0x0e, 0x00, 0xec, 0xff,
    0x01, 0xcc, 0xff, 0x00, 0x0c, 0x6e, 0x00, 0x0c, 0xee, 0x00, 0x0e, 0xce, 0x01, 0x0e, 0x8e, 0x00,
    0xff, 0xff, 0x01, 0xf6, 0xff, 0x03, 0x02, 0x00, 0x00, 0x00, 0x00, 0x00
};
static const uint8_t ui_menu_18_53f7[] = {
    0x00, 0x00, 0x00, 0x00, 0x00, 0x00, 0x00, 0x00, 0x00, 0xf8, 0xff, 0x00, 0xf8, 0xff, 0x00, 0x18,
    0xe0, 0x00, 0x18, 0xe0, 0x00, 0xf8, 0xff, 0x00, 0x00, 0x00, 0x00, 0x00, 0x00, 0x00, 0xff, 0xff,
    0x03, 0xfe, 0xff, 0x01, 0x38, 0x00, 0x00, 0xf8, 0xff, 0x00, 0xf8, 0x7f, 0x00, 0x00, 0x60, 0x00,
    0x00, 0x60, 0x00, 0x80, 0x7f, 0x00, 0x80, 0x3f, 0x00, 0x00, 0x00, 0x00
};
static const uint8_t ui_menu_18_540d[] = {
    0x00, 0x00, 0x00, 0x00, 0x00, 0x00, 0xe0, 0x00, 0x00, 0xe0, 0x00, 0x00, 0xf0, 0xff, 0x00, 0xf8,
    0xff, 0x00, 0x1c, 0xf0, 0x00, 0x4e, 0x38, 0x00, 0xe4, 0x1f, 0x00, 0xc0, 0x0f, 0x00, 0xe0, 0x03,
    0x00, 0xfc, 0xff, 0x00, 0xfe, 0xff, 0x00, 0x3e, 0xe0, 0x00, 0x38, 0xc0, 0x00, 0x38, 0xc0, 0x00,
    0xf8, 0xff, 0x00, 0xf8, 0xff, 0x00, 0x38, 0xe0, 0x00, 0x00, 0x00, 0x00
};
static const uint8_t ui_menu_18_542f[] = {
    0x00, 0x00, 0x00, 0x00, 0x00, 0x00, 0x00, 0x03, 0x00, 0x00, 0x07, 0x00, 0xfc, 0xff, 0x01, 0xfc,
    0xff, 0x00, 0x0c, 0xc0, 0x00, 0x0c, 0xc0, 0x00, 0xfc, 0xff, 0x01, 0xfc, 0xff, 0x01, 0x0c, 0x00,
    0x00, 0x0c, 0x00, 0x00, 0xec, 0xff, 0x00, 0xec, 0xff, 0x00, 0x6e, 0xc0, 0x00, 0x6e, 0xc0, 0x00,
    0xe6, 0xff, 0x00, 0xe6, 0xff, 0x00, 0x62, 0xc0, 0x00, 0x00, 0x00, 0x00
};
static const uint8_t ui_menu_18_56de[] = {
    0x00, 0x00, 0x00, 0x00, 0x00, 0x00, 0x00, 0x00, 0x00, 0xfe, 0xff, 0x01, 0xfe, 0xff, 0x01, 0x0e,
    0xc0, 0x01, 0x0e, 0xc0, 0x01, 0xee, 0xdf, 0x01, 0xee, 0xdf, 0x01, 0x6e, 0xd8, 0x01, 0x6e, 0xd8,
    0x01, 0x6e, 0xd8, 0x01, 0xee, 0xdf, 0x01, 0xee, 0xdf, 0x01, 0x0e, 0xc0, 0x01, 0x0e, 0xc0, 0x01,
    0xfe, 0xff, 0x01, 0xfe, 0xff, 0x01, 0x0e, 0xc0, 0x01, 0x00, 0x00, 0x00
};
static const uint8_t ui_menu_18_5730[] = {
    0x00, 0x00, 0x00, 0x00, 0x00, 0x00, 0x0c, 0x18, 0x00, 0x0c, 0x1c, 0x00, 0xcc, 0x1d, 0x00, 0x8c,
    0xd9, 0x01, 0x8c, 0xfd, 0x01, 0xfe, 0xff, 0x01, 0xfe, 0x9f, 0x01, 0xcc, 0x99, 0x01, 0x8c, 0x9d,
    0x01, 0xcc, 0xdd, 0x01, 0xcc, 0xfd, 0x00, 0xcc, 0xfd, 0x00, 0xfc, 0x1d, 0x00, 0xbe, 0x89, 0x03,
    0x9f, 0x81, 0x01, 0x86, 0xff, 0x01, 0x00, 0xff, 0x00, 0x00, 0x00, 0x00
};
static const uint8_t ui_menu_18_5740[] = {
    0x00, 0x00, 0x00, 0x00, 0x00, 0x00, 0x08, 0x30, 0x00, 0x1c, 0x38, 0x00, 0x1c, 0x38, 0x00, 0x1c,
    0x38, 0x00, 0x3e, 0x3b, 0x00, 0x7f, 0xfb, 0x01, 0x3e, 0xfb, 0x01, 0x1c, 0xfb, 0x01, 0x1c, 0x3b,
    0x00, 0x1c, 0x3b, 0x00, 0x1c, 0x3b, 0x00, 0x1c, 0x3b, 0x00, 0x7c, 0x3b, 0x00, 0x3f, 0x3b, 0x00,
    0xef, 0xff, 0x03, 0xe0, 0xff, 0x03, 0xc0, 0xff, 0x01, 0x00, 0x00, 0x00
};
static const uint8_t ui_menu_18_5907[] = {
    0x00, 0x00, 0x00, 0x00, 0x00, 0x00, 0x60, 0x00, 0x00, 0xf0, 0xff, 0x00, 0xf8, 0xff, 0x00, 0x7c,
    0x70, 0x00, 0xe6, 0x3c, 0x00, 0xc0, 0x1f, 0x00, 0xf8, 0xff, 0x01, 0x7e, 0xf8, 0x01, 0x1e, 0xc0,
    0x01, 0xfc, 0xff, 0x00, 0x9c, 0xe7, 0x00, 0x1c, 0xe3, 0x00, 0xfc, 0xff, 0x00, 0x1c, 0xe3, 0x00,
    0x1c, 0xe3, 0x00, 0xfc, 0xff, 0x00, 0x1c, 0xe0, 0x00, 0x00, 0x00, 0x00
};
static const uint8_t ui_menu_18_590d[] = {
    0x00, 0x00, 0x00, 0x00, 0x00, 0x00, 0x18, 0x00, 0x00, 0xf8, 0xff, 0x01, 0xfc, 0xff, 0x01, 0x0e,
    0x00, 0x00, 0xff, 0xff, 0x00, 0x1e, 0xc0, 0x00, 0xfc, 0xff, 0x00, 0x1c, 0xc0, 0x00, 0xfc, 0xff,
    0x00, 0xf8, 0xff, 0x00, 0x30, 0x00, 0x00, 0xfc, 0xff, 0x00, 0x7e, 0xf8, 0x00, 0xc6, 0x3f, 0x00,
    0xc0, 0x1f, 0x00, 0xfe, 0xfd, 0x01, 0x1c, 0xe0, 0x01, 0x00, 0x00, 0x00
};
static const uint8_t ui_menu_18_59cb[] = {
    0x00, 0x00, 0x00, 0x00, 0x00, 0x00, 0x1c, 0x18, 0x00, 0x1c, 0x1c, 0x00, 0x0c, 0x6c, 0x00, 0x7e,
    0xc6, 0x00, 0x7f, 0xc7, 0x00, 0xee, 0xff, 0x01, 0xec, 0xff, 0x03, 0x66, 0x00, 0x01, 0x66, 0x00,
    0x00, 0x66, 0xff, 0x01, 0x7e, 0xff, 0x01, 0x3c, 0xc3, 0x01, 0x38, 0x83, 0x01, 0xfc, 0xc3, 0x01,
    0xfe, 0xff, 0x01, 0x0f, 0xff, 0x01, 0x06, 0xc3, 0x01, 0x00, 0x00, 0x00
};
static const uint8_t ui_menu_18_5b58[] = {
    0x00, 0x00, 0x00, 0x00, 0x00, 0x00, 0xe0, 0x00, 0x00, 0xf0, 0x00, 0x00, 0xff, 0xff, 0x03, 0xfe,
    0xff, 0x01, 0x30, 0x00, 0x00, 0xb8, 0xff, 0x01, 0xdc, 0xff, 0x01, 0x1c, 0xe0, 0x01, 0x1e, 0x70,
    0x00, 0x1f, 0x38, 0x00, 0xfe, 0xff, 0x03, 0xf8, 0xff, 0x03, 0x18, 0x18, 0x00, 0x18, 0x18, 0x00,
    0x18, 0x18, 0x00, 0x18, 0x1f, 0x00, 0x18, 0x1f, 0x00, 0x00, 0x00, 0x00
};
static const uint8_t ui_menu_18_5b89[] = {
    0x00, 0x00, 0x00, 0x00, 0x00, 0x00, 0x00, 0x03, 0x00, 0x80, 0x07, 0x00, 0xfe, 0xff, 0x01, 0xfe,
    0xff, 0x01, 0x8e, 0x80, 0x01, 0xc0, 0x81, 0x01, 0xc0, 0x01, 0x00, 0xff, 0xff, 0x03, 0xff, 0xff,
    0x03, 0x70, 0x38, 0x00, 0x30, 0x38, 0x00, 0xf8, 0x1c, 0x00, 0xf0, 0x1f, 0x00, 0xc0, 0x1f, 0x00,
    0xf0, 0x7f, 0x00, 0xfe, 0xf1, 0x01, 0x3e, 0xc0, 0x00, 0x00, 0x00, 0x00
};
static const uint8_t ui_menu_18_5b9a[] = {
    0x00, 0x00, 0x00, 0x00, 0x00, 0x00, 0x00, 0x03, 0x00, 0x00, 0x03, 0x00, 0xfe, 0xff, 0x01, 0xfe,
    0xff, 0x01, 0x0e, 0x80, 0x01, 0x04, 0x80, 0x00, 0xfe, 0xff, 0x01, 0xfe, 0xff, 0x01, 0x00, 0x07,
    0x00, 0x18, 0x03, 0x00, 0x18, 0xff, 0x00, 0x18, 0xff, 0x00, 0x1c, 0x07, 0x00, 0x3c, 0x03, 0x00,
    0xfe, 0x07, 0x00, 0xe6, 0xff, 0x01, 0x82, 0xff, 0x01, 0x00, 0x00, 0x00
};
static const uint8_t ui_menu_18_5c4f[] = {
    0x00, 0x00, 0x00, 0x00, 0x00, 0x00, 0x00, 0x00, 0x00, 0xfc, 0xff, 0x01, 0xfc, 0xff, 0x01, 0x0c,
    0xc0, 0x01, 0xfc, 0xff, 0x01, 0xfc, 0xff, 0x01, 0x8c, 0x71, 0x00, 0x8c, 0x7b, 0x00, 0xfc, 0xff,
    0x01, 0xec, 0xff, 0x00, 0x8c, 0x31, 0x00, 0xfc, 0xff, 0x03, 0xfe, 0xff, 0x03, 0xce, 0x71, 0x00,
    0xc6, 0x31, 0x00, 0xe6, 0x30, 0x00, 0xe6, 0x30, 0x00, 0x00, 0x00, 0x00
};
static const uint8_t ui_menu_18_5df2[] = {
    0x00, 0x00, 0x00, 0x00, 0x00, 0x00, 0x00, 0x00, 0x00, 0xfe, 0xff, 0x00, 0xfe, 0xff, 0x00, 0x00,
    0xe0, 0x00, 0x00, 0xe0, 0x00, 0x0c, 0xe0, 0x00, 0x1c, 0xe0, 0x00, 0xfc, 0xff, 0x00, 0xfc, 0xff,
    0x00, 0x1c, 0x00, 0x00, 0x0c, 0x00, 0x00, 0x0c, 0x80, 0x03, 0x0c, 0x80, 0x03, 0x1c, 0x80, 0x01,
    0xfc, 0xff, 0x01, 0xf8, 0xff, 0x00, 0xe0, 0x7f, 0x00, 0x00, 0x00, 0x00
};
static const uint8_t ui_menu_18_5e38[] = {
    0x00, 0x00, 0x00, 0x00, 0x00, 0x00, 0x18, 0x63, 0x00, 0x38, 0x73, 0x00, 0xb8, 0x77, 0x00, 0xfe,
    0xff, 0x01, 0x06, 0x80, 0x01, 0xf6, 0xbf, 0x01, 0xf0, 0x7f, 0x00, 0x30, 0x30, 0x00, 0xf0, 0x7f,
    0x00, 0xf0, 0x3f, 0x00, 0x00, 0x03, 0x00, 0xfc, 0xff, 0x00, 0xfc, 0xff, 0x00, 0x0c, 0xc3, 0x00,
    0x0c, 0xe3, 0x00, 0x0c, 0xf3, 0x00, 0x00, 0x03, 0x00, 0x00, 0x00, 0x00
};
static const uint8_t ui_menu_18_5e76[] = {
    0x00, 0x00, 0x00, 0x00, 0x00, 0x00, 0x20, 0x10, 0x00, 0x70, 0x38, 0x00, 0xe0, 0x38, 0x00, 0xfe,
    0xff, 0x01, 0xfe, 0xff, 0x01, 0x70, 0x30, 0x00, 0x70, 0x30, 0x00, 0x60, 0x30, 0x00, 0x70, 0x30,
    0x00, 0xff, 0xff, 0x03, 0xff, 0xff, 0x03, 0x70, 0x30, 0x00, 0x70, 0x30, 0x00, 0x30, 0x30, 0x00,
    0x38, 0x30, 0x00, 0x1c, 0x30, 0x00, 0x1c, 0x30, 0x00, 0x00, 0x00, 0x00
};
static const uint8_t ui_menu_18_5e8f[] = {
    0x00, 0x00, 0x00, 0x00, 0x00, 0x00, 0x00, 0x06, 0x00, 0x00, 0x07, 0x00, 0xfc, 0xff, 0x03, 0xfc,
    0xff, 0x01, 0x0c, 0x00, 0x00, 0xec, 0xff, 0x00, 0xec, 0xff, 0x01, 0x8c, 0xf1, 0x00, 0x8c, 0x3b,
    0x00, 0x0c, 0x1f, 0x00, 0xfc, 0xff, 0x03, 0xec, 0xff, 0x01, 0x0e, 0x8c, 0x01, 0x0e, 0xcc, 0x01,
    0x06, 0x8c, 0x00, 0xc7, 0x0f, 0x00, 0x86, 0x07, 0x00, 0x00, 0x00, 0x00
};
static const uint8_t ui_menu_18_5f00[] = {
    0x00, 0x00, 0x00, 0x00, 0x00, 0x00, 0x00, 0x00, 0x00, 0xfe, 0xff, 0x01, 0xfe, 0xff, 0x01, 0x70,
    0x38, 0x00, 0x70, 0x30, 0x00, 0x70, 0x30, 0x00, 0x70, 0x30, 0x00, 0x70, 0x78, 0x00, 0xff, 0xff,
    0x03, 0xfe, 0xff, 0x03, 0x70, 0x30, 0x00, 0x70, 0x30, 0x00, 0x30, 0x30, 0x00, 0x38, 0x30, 0x00,
    0x3c, 0x30, 0x00, 0x1e, 0x30, 0x00, 0x0c, 0x30, 0x00, 0x00, 0x00, 0x00
};
static const uint8_t ui_menu_18_5f02[] = {
    0x00, 0x00, 0x00, 0x00, 0x00, 0x00, 0x00, 0x00, 0x00, 0xfc, 0x7f, 0x00, 0xfc, 0x7f, 0x00, 0x0c,
    0x60, 0x00, 0xfc, 0x7f, 0x00, 0xfc, 0xff, 0x01, 0x0c, 0x80, 0x03, 0x1c, 0xc0, 0x01, 0xf8, 0xff,
    0x01, 0xf0, 0x7f, 0x00, 0x60, 0x30, 0x00, 0xfe, 0xff, 0x01, 0xff, 0xff, 0x03, 0x70, 0x38, 0x00,
    0x70, 0x38, 0x00, 0x3c, 0x38, 0x00, 0x1c, 0x30, 0x00, 0x00, 0x00, 0x00
};
static const uint8_t ui_menu_18_6001[] = {
    0x00, 0x00, 0x00, 0x00, 0x00, 0x00, 0x00, 0x03, 0x00, 0x00, 0x03, 0x00, 0xfe, 0xff, 0x01, 0xfe,
    0xff, 0x01, 0xc0, 0x0f, 0x00, 0xc0, 0x1c, 0x00, 0xf0, 0x78, 0x00, 0xfe, 0xf3, 0x01, 0x1e, 0xe7,
    0x01, 0x06, 0x82, 0x01, 0x00, 0x03, 0x00, 0x74, 0xc7, 0x00, 0x7e, 0xc6, 0x01, 0x66, 0xf0, 0x01,
    0x77, 0xb0, 0x01, 0xe6, 0x3f, 0x00, 0xe0, 0x1f, 0x00, 0x00, 0x00, 0x00
};
static const uint8_t ui_menu_18_603b[] = {
    0x00, 0x00, 0x00, 0x00, 0x00, 0x00, 0x60, 0x38, 0x00, 0xe0, 0x38, 0x00, 0xe0, 0x1c, 0x00, 0xf8,
    0xff, 0x00, 0xf8, 0x7f, 0x00, 0x18, 0x60, 0x00, 0x18, 0x60, 0x00, 0x18, 0x60, 0x00, 0xf8, 0xff,
    0x00, 0xf8, 0x7f, 0x00, 0x00, 0x03, 0x00, 0x74, 0x87, 0x00, 0x7e, 0xc6, 0x01, 0x76, 0xf0, 0x01,
    0x77, 0xb8, 0x03, 0xe6, 0xbf, 0x01, 0xe0, 0x1f, 0x00, 0x00, 0x00, 0x00
};
static const uint8_t ui_menu_18_6062[] = {
    0x00, 0x00, 0x00, 0x00, 0x00, 0x00, 0x18, 0x03, 0x00, 0x18, 0x03, 0x00, 0xd8, 0xff, 0x03, 0xd8,
    0xff, 0x03, 0x9e, 0x03, 0x00, 0xbe, 0x39, 0x00, 0xbb, 0x39, 0x00, 0x9b, 0x9b, 0x01, 0x99, 0x9b,
    0x01, 0xd8, 0xff, 0x00, 0xd8, 0xb8, 0x00, 0xf8, 0x3c, 0x00, 0x78, 0x7c, 0x00, 0x38, 0xee, 0x00,
    0x18, 0xc7, 0x01, 0x98, 0x83, 0x03, 0x18, 0x01, 0x01, 0x00, 0x00, 0x00
};
static const uint8_t ui_menu_18_606f[] = {
    0x00, 0x00, 0x00, 0x00, 0x00, 0x00, 0x80, 0x03, 0x00, 0x80, 0x07, 0x00, 0xfc, 0xff, 0x00, 0x0c,
    0xc0, 0x00, 0xfc, 0xff, 0x00, 0xfc, 0xff, 0x00, 0x0c, 0xc0, 0x00, 0xfc, 0xff, 0x00, 0x0c, 0xc0,
    0x00, 0xfc, 0xff, 0x00, 0xfc, 0xff, 0x00, 0x00, 0x83, 0x00, 0x6c, 0xc7, 0x00, 0x66, 0xd6, 0x01,
    0x66, 0xb0, 0x03, 0xe6, 0x3f, 0x01, 0xe0, 0x1f, 0x00, 0x00, 0x00, 0x00
};
static const uint8_t ui_menu_18_6210[] = {
    0x00, 0x00, 0x00, 0x00, 0x00, 0x00, 0x00, 0xcc, 0x00, 0x00, 0xcc, 0x00, 0x00, 0xcc, 0x00, 0xfc,
    0xff, 0x01, 0xfc, 0xff, 0x01, 0x0c, 0x1c, 0x00, 0x0c, 0x8c, 0x00, 0xfc, 0xdd, 0x01, 0xfc, 0xdd,
    0x00, 0xcc, 0xfd, 0x00, 0x8c, 0x79, 0x00, 0x8c, 0x79, 0x00, 0xce, 0x39, 0x01, 0xfe, 0xbc, 0x03,
    0xe6, 0xbe, 0x01, 0x07, 0xf7, 0x01, 0x06, 0xe3, 0x01, 0x00, 0x00, 0x00
};
static const uint8_t ui_menu_18_626b[] = {
    0x00, 0x00, 0x00, 0x00, 0x00, 0x00, 0x18, 0x00, 0x00, 0x1c, 0x00, 0x00, 0x98, 0xff, 0x01, 0xbe,
    0xff, 0x01, 0x7f, 0xc0, 0x01, 0x1c, 0xc0, 0x01, 0x18, 0xc0, 0x01, 0x18, 0xc0, 0x01, 0x7c, 0xff,
    0x01, 0x3f, 0xff, 0x01, 0x1f, 0xc0, 0x01, 0x1c, 0xc0, 0x01, 0x18, 0xc0, 0x01, 0x18, 0xc0, 0x01,
    0x9c, 0xff, 0x01, 0xde, 0xff, 0x01, 0x0e, 0xc0, 0x01, 0x00, 0x00, 0x00
};
static const uint8_t ui_menu_18_62a5[] = {
    0x00, 0x00, 0x00, 0x00, 0x00, 0x00, 0x18, 0x00, 0x00, 0x9c, 0xff, 0x01, 0x98, 0xff, 0x01, 0xbe,
    0xc1, 0x01, 0xff, 0xf9, 0x00, 0x9c, 0xf9, 0x00, 0x98, 0x01, 0x00, 0x98, 0xff, 0x01, 0xfc, 0xff,
    0x01, 0xff, 0xc1, 0x01, 0x9f, 0xcf, 0x00, 0x9c, 0xcd, 0x00, 0x9c, 0x79, 0x00, 0x9c, 0x79, 0x00,
    0x9c, 0xfd, 0x00, 0x9e, 0xff, 0x01, 0x8e, 0x87, 0x01, 0x86, 0x01, 0x00
};
static const uint8_t ui_menu_18_6309[] = {
    0x00, 0x00, 0x00, 0x00, 0x00, 0x00, 0x08, 0x1c, 0x00, 0x1c, 0x1c, 0x00, 0x8c, 0xff, 0x01, 0xdc,
    0xff, 0x01, 0xff, 0x81, 0x01, 0x9e, 0x85, 0x01, 0x0c, 0x0e, 0x00, 0xdc, 0xff, 0x03, 0xfc, 0xff,
    0x03, 0x3f, 0xe3, 0x00, 0x1f, 0xe3, 0x00, 0x8c, 0x63, 0x00, 0x1c, 0x7f, 0x00, 0x1c, 0x3c, 0x00,
    0x1c, 0xfe, 0x00, 0xcf, 0xef, 0x01, 0xce, 0x83, 0x01, 0x00, 0x00, 0x00
};
static const uint8_t ui_menu_18_63cf[] = {
    0x00, 0x00, 0x00, 0x00, 0x00, 0x00, 0x0c, 0x63, 0x00, 0x0c, 0x63, 0x00, 0xcc, 0xff, 0x01, 0xfe,
    0xff, 0x03, 0x3f, 0x67, 0x00, 0x1c, 0x62, 0x00, 0x0c, 0x00, 0x00, 0xcc, 0xff, 0x01, 0xfc, 0xdd,
    0x01, 0xff, 0x98, 0x01, 0xdf, 0xdd, 0x01, 0xcc, 0xff, 0x01, 0xcc, 0xdd, 0x01, 0xcc, 0x98, 0x01,
    0xcc, 0xdd, 0x01, 0xce, 0xff, 0x01, 0xce, 0xc1, 0x01, 0x00, 0x00, 0x00
};
static const uint8_t ui_menu_18_6539[] = {
    0x00, 0x00, 0x00, 0x00, 0x00, 0x00, 0x00, 0x0c, 0x00, 0x7e, 0x0c, 0x00, 0x7e, 0x0e, 0x00, 0x60,
    0xfe, 0x03, 0x60, 0xfe, 0x03, 0x60, 0xc7, 0x00, 0xe0, 0xc7, 0x00, 0xfe, 0xc7, 0x00, 0xfe, 0xe7,
    0x00, 0x0e, 0x6e, 0x00, 0x06, 0x7c, 0x00, 0x06, 0x38, 0x00, 0x46, 0x38, 0x00, 0x7e, 0x7e, 0x00,
    0x7e, 0xef, 0x01, 0x9e, 0xc7, 0x01, 0x06, 0x81, 0x01, 0x00, 0x00, 0x00
};
static const uint8_t ui_menu_18_6570[] = {
    0x00, 0x00, 0x00, 0x00, 0x00, 0x00, 0x30, 0x30, 0x00, 0x36, 0x3b, 0x00, 0xb4, 0x19, 0x00, 0xf6,
    0xf9, 0x03, 0xfe, 0xff, 0x03, 0x78, 0x8c, 0x01, 0xfc, 0x8e, 0x01, 0xf7, 0x9f, 0x01, 0x32, 0xdf,
    0x00, 0x18, 0xd8, 0x00, 0xff, 0xf9, 0x00, 0xde, 0x71, 0x00, 0xce, 0x71, 0x00, 0xfe, 0xf8, 0x00,
    0xf8, 0xfc, 0x01, 0xff, 0xdf, 0x01, 0x0e, 0x8e, 0x01, 0x00, 0x00, 0x00
};
static const uint8_t ui_menu_18_65e0[] = {
    0x00, 0x00, 0x00, 0x00, 0x00, 0x00, 0x00, 0x00, 0x00, 0xfc, 0xff, 0x00, 0xfc, 0xff, 0x00, 0x80,
    0x03, 0x00, 0x80, 0x03, 0x00, 0x80, 0x03, 0x00, 0xfe, 0xff, 0x01, 0xff, 0xff, 0x03, 0xc0, 0x03,
    0x00, 0x80, 0x01, 0x00, 0xc0, 0x0f, 0x00, 0xe0, 0x0e, 0x00, 0xe0, 0x8e, 0x01, 0x78, 0x8e, 0x03,
    0x3c, 0xce, 0x01, 0x1e, 0xfe, 0x01, 0x0e, 0xfc, 0x00, 0x00, 0x00, 0x00
};
static const uint8_t ui_menu_18_65f6[] = {
    0x00, 0x00, 0x00, 0x00, 0x00, 0x00, 0x00, 0xc0, 0x00, 0xfe, 0xc0, 0x00, 0xfe, 0xc0, 0x00, 0xee,
    0xfe, 0x03, 0xc6, 0xff, 0x03, 0xc6, 0xc0, 0x00, 0xc6, 0xc0, 0x00, 0xfe, 0xc7, 0x00, 0xfe, 0xce,
    0x00, 0xce, 0xcc, 0x00, 0xc6, 0xdc, 0x00, 0xc6, 0xc8, 0x00, 0xce, 0xc0, 0x00, 0xfe, 0xc0, 0x00,
    0xfe, 0xe0, 0x00, 0xc6, 0xfc, 0x00, 0x00, 0x7c, 0x00, 0x00, 0x00, 0x00
};
static const uint8_t ui_menu_18_66f4[] = {
    0x00, 0x00, 0x00, 0x00, 0x00, 0x00, 0x00, 0x00, 0x00, 0xfe, 0xff, 0x01, 0xfe, 0xff, 0x01, 0x00,
    0x03, 0x00, 0xfc, 0xff, 0x00, 0xfc, 0xff, 0x00, 0x0c, 0xc3, 0x00, 0xfc, 0xff, 0x00, 0x1c, 0xc7,
    0x00, 0x0c, 0xc3, 0x00, 0xfc, 0xff, 0x00, 0xfc, 0xff, 0x00, 0x38, 0x03, 0x00, 0xf0, 0x03, 0x00,
    0xe0, 0x1f, 0x00, 0xfe, 0xff, 0x01, 0x3e, 0xf8, 0x01, 0x00, 0x00, 0x00
};
static const uint8_t ui_menu_18_672c[] = {
    0x00, 0x00, 0x00, 0x00, 0x00, 0x00, 0x00, 0x03, 0x00, 0x00, 0x03, 0x00, 0x80, 0x07, 0x00, 0xfe,
    0xff, 0x01, 0xfe, 0xff, 0x01, 0x80, 0x07, 0x00, 0xc0, 0x0f, 0x00, 0xe0, 0x1f, 0x00, 0x70, 0x3b,
    0x00, 0x38, 0x73, 0x00, 0x1c, 0xe3, 0x00, 0x1e, 0xe3, 0x01, 0xfe, 0xff, 0x01, 0xf6, 0xbf, 0x00,
    0x00, 0x03, 0x00, 0x00, 0x03, 0x00, 0x00, 0x03, 0x00, 0x00, 0x00, 0x00
};
static const uint8_t ui_menu_18_673a[] = {
    0x00, 0x00, 0x00, 0x00, 0x00, 0x00, 0x18, 0x00, 0x00, 0x1c, 0x7f, 0x00, 0x1c, 0x7f, 0x00, 0x7f,
    0x73, 0x00, 0x7f, 0x63, 0x00, 0x1c, 0x63, 0x00, 0x1c, 0x63, 0x00, 0x1c, 0x63, 0x00, 0x7e, 0x63,
    0x00, 0x7e, 0x63, 0x00, 0x1f, 0x63, 0x00, 0x9e, 0x63, 0x03, 0x9a, 0x63, 0x03, 0x9c, 0x61, 0x03,
    0xdc, 0x61, 0x03, 0xdc, 0xe0, 0x01, 0xdc, 0xe0, 0x01, 0x00, 0x00, 0x00
};
static const uint8_t ui_menu_18_6b21[] = {
    0x00, 0x00, 0x00, 0x00, 0x00, 0x00, 0x00, 0x03, 0x00, 0x06, 0x03, 0x00, 0x8e, 0x03, 0x00, 0x9e,
    0xff, 0x01, 0xdc, 0xff, 0x01, 0xc8, 0x80, 0x01, 0xe0, 0xcc, 0x00, 0x40, 0x8c, 0x00, 0x18, 0x0c,
    0x00, 0x18, 0x1e, 0x00, 0x1c, 0x1e, 0x00, 0x0c, 0x3f, 0x00, 0x0e, 0x33, 0x00, 0x8e, 0x73, 0x00,
    0xc7, 0xe1, 0x01, 0xf6, 0xc0, 0x01, 0x60, 0x80, 0x01, 0x00, 0x00, 0x00
};
static const uint8_t ui_menu_18_6bd4[] = {
    0x00, 0x00, 0x00, 0x00, 0x00, 0x00, 0x0c, 0x06, 0x00, 0x0e, 0x0e, 0x00, 0x0e, 0x0e, 0x00, 0x0e,
    0x8e, 0x01, 0x0e, 0xce, 0x01, 0xfe, 0xe6, 0x00, 0xfe, 0x7e, 0x00, 0xfe, 0x3e, 0x00, 0x0e, 0x1e,
    0x00, 0x0e, 0x0e, 0x00, 0x0e, 0x0e, 0x00, 0x0e, 0x8e, 0x01, 0x0e, 0x8e, 0x03, 0xee, 0x8e, 0x01,
    0xfe, 0xce, 0x01, 0x7e, 0xfe, 0x01, 0x0e, 0xfc, 0x00, 0x00, 0x00, 0x00
};
static const uint8_t ui_menu_18_6c47[] = {
    0x00, 0x00, 0x00, 0x00, 0x00, 0x00, 0x00, 0x00, 0x00, 0xce, 0xff, 0x01, 0xdc, 0xff, 0x01, 0xd8,
    0x00, 0x00, 0xc0, 0x00, 0x00, 0xc6, 0x00, 0x00, 0xce, 0x00, 0x00, 0xdc, 0x00, 0x00, 0xc8, 0x00,
    0x00, 0xc0, 0x00, 0x00, 0xdc, 0x00, 0x00, 0xcc, 0x00, 0x00, 0xcc, 0x00, 0x00, 0xce, 0x00, 0x00,
    0xce, 0x01, 0x00, 0xc6, 0xff, 0x03, 0xc6, 0xff, 0x01, 0x00, 0x00, 0x00
};
static const uint8_t ui_menu_18_6d4b[] = {
    0x00, 0x00, 0x00, 0x00, 0x00, 0x00, 0x00, 0x00, 0x00, 0xee, 0x87, 0x01, 0xfe, 0xb7, 0x01, 0x6c,
    0xa4, 0x01, 0x60, 0xa5, 0x01, 0xe2, 0xa5, 0x01, 0xee, 0xa5, 0x01, 0xee, 0xa5, 0x01, 0xe4, 0xa5,
    0x01, 0xe0, 0xa5, 0x01, 0xe4, 0xa5, 0x01, 0xec, 0xb5, 0x01, 0x8c, 0xb1, 0x01, 0xcc, 0x87, 0x01,
    0xe6, 0x86, 0x01, 0x76, 0xec, 0x01, 0x26, 0xe0, 0x00, 0x00, 0x00, 0x00
};
static const uint8_t ui_menu_18_7259[] = {
    0x00, 0x00, 0x00, 0x00, 0x00, 0x00, 0x00, 0x00, 0x00, 0xfe, 0xff, 0x01, 0xfe, 0xff, 0x01, 0x00,
    0x18, 0x00, 0x18, 0x18, 0x00, 0x1c, 0x18, 0x00, 0x1c, 0x18, 0x00, 0xfc, 0xff, 0x03, 0xfc, 0xff,
    0x01, 0x80, 0x1f, 0x00, 0xc0, 0x19, 0x00, 0xe0, 0x19, 0x00, 0xf0, 0x18, 0x00, 0x3c, 0x18, 0x00,
    0x1e, 0x1c, 0x00, 0x8e, 0x1f, 0x00, 0x80, 0x0f, 0x00, 0x00, 0x00, 0x00
};
static const uint8_t ui_menu_18_72b6[] = {
    0x00, 0x00, 0x00, 0x00, 0x00, 0x00, 0x30, 0x18, 0x00, 0x30, 0xd8, 0x00, 0x30, 0xd8, 0x01, 0x36,
    0x98, 0x00, 0x36, 0x1c, 0x00, 0xbe, 0xff, 0x01, 0xbc, 0xff, 0x01, 0x30, 0x1c, 0x00, 0x30, 0x1c,
    0x00, 0x38, 0x3c, 0x00, 0x3e, 0x3c, 0x00, 0x3f, 0x66, 0x00, 0x36, 0x66, 0x00, 0x32, 0xe7, 0x00,
    0xf0, 0xc3, 0x01, 0xf0, 0xc3, 0x01, 0xb0, 0x81, 0x01, 0x00, 0x00, 0x00
};
static const uint8_t ui_menu_18_7387[] = {
    0x00, 0x00, 0x00, 0x00, 0x00, 0x00, 0x00, 0x03, 0x00, 0x80, 0x07, 0x00, 0xfe, 0xff, 0x01, 0xf4,
    0xab, 0x00, 0xc4, 0x89, 0x00, 0xec, 0xee, 0x00, 0xe8, 0x67, 0x00, 0x98, 0x63, 0x00, 0xde, 0xed,
    0x01, 0xee, 0x9f, 0x01, 0xe2, 0x1b, 0x00, 0x00, 0x03, 0x00, 0xff, 0xff, 0x03, 0xff, 0xff, 0x03,
    0x00, 0x03, 0x00, 0x00, 0x03, 0x00, 0x00, 0x03, 0x00, 0x00, 0x00, 0x00
};
static const uint8_t ui_menu_18_7535[] = {
    0x00, 0x00, 0x00, 0x00, 0x00, 0x00, 0x80, 0x03, 0x00, 0x80, 0x03, 0x00, 0xfe, 0x7f, 0x00, 0xfe,
    0xff, 0x00, 0x8e, 0xe3, 0x00, 0x8e, 0xe1, 0x00, 0xfe, 0xff, 0x00, 0xfe, 0xff, 0x00, 0x8e, 0xe3,
    0x00, 0x8e, 0xe1, 0x00, 0xfe, 0xff, 0x00, 0xfe, 0xff, 0x00, 0x8e, 0x83, 0x01, 0x86, 0x81, 0x03,
    0x80, 0xc3, 0x01, 0x80, 0xff, 0x01, 0x00, 0xff, 0x00, 0x00, 0x00, 0x00
};
static const uint8_t ui_menu_18_7684[] = {
    0x00, 0x00, 0x00, 0x00, 0x00, 0x00, 0x10, 0x08, 0x00, 0x38, 0x18, 0x00, 0x18, 0x1c, 0x00, 0xfe,
    0xfc, 0x01, 0xfe, 0xfe, 0x01, 0xce, 0x8f, 0x01, 0xc6, 0x87, 0x01, 0xc6, 0x84, 0x01, 0xfe, 0x8c,
    0x01, 0xfe, 0x9c, 0x01, 0xee, 0x9c, 0x01, 0xc6, 0x98, 0x01, 0xc6, 0x80, 0x01, 0xee, 0x80, 0x01,
    0xfe, 0xe0, 0x01, 0xfe, 0xf8, 0x01, 0xc6, 0xf8, 0x00, 0x00, 0x00, 0x00
};
static const uint8_t ui_menu_18_76ee[] = {
    0x00, 0x00, 0x00, 0x00, 0x00, 0x00, 0x00, 0x00, 0x00, 0xfc, 0xff, 0x00, 0xfc, 0xff, 0x00, 0x1c,
    0xe0, 0x00, 0x0c, 0xc0, 0x00, 0xfc, 0xff, 0x00, 0xfc, 0xff, 0x00, 0x1c, 0xe0, 0x00, 0x0c, 0xc0,
    0x00, 0x1c, 0xe0, 0x00, 0xfc, 0xff, 0x00, 0xfc, 0xff, 0x00, 0x0c, 0xc0, 0x00, 0x1c, 0xe0, 0x00,
    0xfc, 0xff, 0x00, 0xfc, 0xff, 0x00, 0x1c, 0xe0, 0x00, 0x00, 0x00, 0x00
};
static const uint8_t ui_menu_18_786e[] = {
    0x00, 0x00, 0x00, 0x00, 0x00, 0x00, 0x00, 0x06, 0x00, 0x7e, 0xfe, 0x00, 0x7e, 0xff, 0x00, 0x9c,
    0x63, 0x00, 0xcc, 0x73, 0x00, 0xcc, 0xff, 0x01, 0xbe, 0x99, 0x01, 0xbe, 0x99, 0x01, 0xb7, 0xff,
    0x01, 0xb7, 0xff, 0x01, 0xb6, 0x99, 0x01, 0xb4, 0xbb, 0x01, 0xb4, 0xff, 0x01, 0xbc, 0x99, 0x01,
    0xfc, 0x99, 0x01, 0xcc, 0xf9, 0x01, 0x80, 0xd8, 0x00, 0x00, 0x00, 0x00
};
static const uint8_t ui_menu_18_79d2[] = {
    0x00, 0x00, 0x00, 0x00, 0x00, 0x00, 0x00, 0x18, 0x00, 0x7e, 0x18, 0x00, 0x7f, 0x18, 0x00, 0x1c,
    0xdb, 0x00, 0x18, 0xdb, 0x00, 0xfe, 0x9b, 0x01, 0xff, 0x99, 0x03, 0x9c, 0x19, 0x01, 0x9c, 0x19,
    0x00, 0x3e, 0x98, 0x01, 0x7e, 0xd8, 0x01, 0x5f, 0xe0, 0x00, 0x1a, 0x70, 0x00, 0x18, 0x3c, 0x00,
    0x18, 0x1e, 0x00, 0x98, 0x0f, 0x00, 0x98, 0x03, 0x00, 0x00, 0x00, 0x00
};
static const uint8_t ui_menu_18_79f0[] = {
    0x00, 0x00, 0x00, 0x00, 0x00, 0x00, 0x00, 0x02, 0x00, 0x7e, 0x06, 0x00, 0x7e, 0xff, 0x01, 0x18,
    0xff, 0x01, 0x98, 0x83, 0x01, 0xff, 0x81, 0x01, 0xff, 0x99, 0x01, 0x1c, 0x18, 0x00, 0x1c, 0xdb,
    0x00, 0x7c, 0xdb, 0x00, 0xfe, 0x99, 0x01, 0x9e, 0x99, 0x01, 0x9f, 0x99, 0x01, 0xda, 0x98, 0x03,
    0x18, 0x18, 0x00, 0x18, 0x1e, 0x00, 0x18, 0x1e, 0x00, 0x00, 0x00, 0x00
};
static const uint8_t ui_menu_18_7ad9[] = {
    0x00, 0x00, 0x00, 0x00, 0x00, 0x00, 0x10, 0x38, 0x00, 0x38, 0x38, 0x00, 0x38, 0x38, 0x00, 0xff,
    0xf9, 0x03, 0xff, 0xf9, 0x03, 0x00, 0x38, 0x00, 0xc6, 0x38, 0x00, 0xe6, 0x38, 0x00, 0xee, 0xfe,
    0x01, 0x6e, 0xfe, 0x01, 0x6c, 0xc6, 0x01, 0x6c, 0x86, 0x01, 0x7c, 0x86, 0x01, 0xf0, 0x87, 0x01,
    0xff, 0xff, 0x01, 0x7f, 0xfe, 0x01, 0x02, 0xc6, 0x01, 0x00, 0x00, 0x00
};
static const uint8_t ui_menu_18_7ec4[] = {
    0x00, 0x00, 0x00, 0x00, 0x00, 0x00, 0x18, 0x00, 0x00, 0x18, 0xff, 0x01, 0x1c, 0xff, 0x01, 0x0c,
    0xc3, 0x01, 0xe6, 0xc3, 0x01, 0x77, 0xff, 0x01, 0x3e, 0xff, 0x01, 0x38, 0xc3, 0x01, 0x18, 0xc3,
    0x01, 0x0c, 0xc3, 0x01, 0x7e, 0xff, 0x01, 0x7e, 0xff, 0x01, 0x00, 0xc3, 0x01, 0x00, 0xc3, 0x01,
    0xfe, 0xc3, 0x01, 0xff, 0xff, 0x03, 0x82, 0xff, 0x03, 0x00, 0x00, 0x00
};
static const uint8_t ui_menu_18_7ed1[] = {
    0x00, 0x00, 0x00, 0x00, 0x00, 0x00, 0x08, 0x01, 0x00, 0x1c, 0xf3, 0x01, 0x8c, 0xf3, 0x03, 0xce,
    0xbf, 0x01, 0xa6, 0xb3, 0x01, 0x3f, 0xb1, 0x01, 0x9f, 0xb3, 0x01, 0xdc, 0xf7, 0x00, 0xcc, 0xf3,
    0x00, 0x0e, 0xb1, 0x01, 0x9e, 0xb3, 0x01, 0xfe, 0xbf, 0x03, 0xc0, 0x33, 0x03, 0x9c, 0xb1, 0x03,
    0xdf, 0xf1, 0x01, 0xe2, 0xf0, 0x00, 0x60, 0x30, 0x00, 0x00, 0x00, 0x00
};
static const uint8_t ui_menu_18_7ee7[] = {
    0x00, 0x00, 0x00, 0x00, 0x00, 0x00, 0x08, 0x30, 0x00, 0xdc, 0x37, 0x01, 0xcc, 0xb7, 0x01, 0xcc,
    0xb5, 0x01, 0xe6, 0x35, 0x00, 0xff, 0x31, 0x00, 0xff, 0xff, 0x01, 0xdc, 0x39, 0x00, 0xcc, 0x39,
    0x00, 0xce, 0xfd, 0x00, 0xfe, 0xff, 0x01, 0xde, 0xb7, 0x01, 0xc0, 0x33, 0x00, 0xe0, 0x31, 0x00,
    0xff, 0x01, 0x00, 0xdf, 0xff, 0x03, 0xc0, 0xff, 0x01, 0x00, 0x00, 0x00
};
static const uint8_t ui_menu_18_7f51[] = {
    0x00, 0x00, 0x00, 0x00, 0x00, 0x00, 0x00, 0x00, 0x00, 0xfe, 0xff, 0x01, 0xfe, 0xff, 0x01, 0x06,
    0x80, 0x01, 0x1e, 0xf3, 0x01, 0xbe, 0xf7, 0x01, 0xf6, 0xbf, 0x01, 0xe6, 0x9c, 0x01, 0xe6, 0x9c,
    0x01, 0xe6, 0x9c, 0x01, 0xe6, 0x9c, 0x01, 0xf6, 0x9f, 0x01, 0xbe, 0xb7, 0x01, 0xbe, 0xf7, 0x01,
    0x1e, 0x83, 0x01, 0x06, 0xf8, 0x01, 0x06, 0xf8, 0x00, 0x00, 0x00, 0x00
};
static const uint8_t ui_menu_18_7f6e[] = {
    0x00, 0x00, 0x00, 0x00, 0x00, 0x00, 0x00, 0x00, 0x00, 0xfe, 0xff, 0x01, 0xce, 0xcc, 0x01, 0xfe,
    0xff, 0x01, 0xfc, 0xff, 0x00, 0x80, 0x07, 0x00, 0xfe, 0xff, 0x01, 0x80, 0x03, 0x00, 0xfc, 0xff,
    0x00, 0x1c, 0xe0, 0x00, 0xfc, 0xff, 0x00, 0x1c, 0xe0, 0x00, 0xfc, 0xff, 0x00, 0xfc, 0xff, 0x00,
    0xfc, 0xff, 0x00, 0xff, 0xff, 0x03, 0xff, 0xff, 0x03, 0x00, 0x00, 0x00
};
static const uint8_t ui_menu_18_84dd[] = {
    0x00, 0x00, 0x00, 0x00, 0x00, 0x00, 0x60, 0x18, 0x00, 0xfe, 0xff, 0x03, 0xff, 0xff, 0x03, 0x60,
    0x18, 0x00, 0x60, 0x0c, 0x00, 0x6e, 0xfe, 0x01, 0x6e, 0xfe, 0x01, 0x6e, 0x36, 0x00, 0xee, 0xf3,
    0x00, 0x40, 0x42, 0x00, 0xfc, 0xff, 0x00, 0xfc, 0xff, 0x00, 0xcc, 0xcc, 0x00, 0xcc, 0xcc, 0x00,
    0xcc, 0xcc, 0x00, 0xff, 0xff, 0x03, 0xfe, 0xff, 0x01, 0x00, 0x00, 0x00
};
static const uint8_t ui_menu_18_88c5[] = {
    0x00, 0x00, 0x00, 0x00, 0x00, 0x00, 0x60, 0x18, 0x00, 0x66, 0x38, 0x00, 0xee, 0xff, 0x01, 0xe4,
    0xff, 0x01, 0x70, 0x38, 0x00, 0x7e, 0x38, 0x00, 0x7f, 0xff, 0x01, 0x62, 0x02, 0x00, 0x00, 0x03,
    0x00, 0xff, 0xff, 0x03, 0xfe, 0xff, 0x01, 0xe0, 0xc7, 0x00, 0x78, 0xfe, 0x00, 0x7e, 0x3c, 0x00,
    0x7e, 0xff, 0x00, 0xf0, 0xf3, 0x01, 0xf0, 0xc0, 0x01, 0x00, 0x00, 0x00
};
static const uint8_t ui_menu_18_89e3[] = {
    0x00, 0x00, 0x00, 0x00, 0x00, 0x00, 0x18, 0x00, 0x00, 0xfc, 0xfe, 0x01, 0xfc, 0xfe, 0x01, 0x66,
    0x9c, 0x01, 0xe7, 0xdc, 0x01, 0xfe, 0xef, 0x01, 0xb6, 0xe4, 0x00, 0xb6, 0x64, 0x00, 0xfe, 0x7c,
    0x00, 0xfe, 0xfe, 0x01, 0xb6, 0x77, 0x00, 0xfe, 0x61, 0x00, 0xfe, 0xfe, 0x01, 0xb6, 0xff, 0x03,
    0xb6, 0x60, 0x00, 0xf3, 0x60, 0x00, 0xe2, 0x60, 0x00, 0x00, 0x00, 0x00
};
static const uint8_t ui_menu_18_8b66[] = {
    0x00, 0x00, 0x00, 0x00, 0x00, 0x00, 0xd8, 0x18, 0x00, 0xfe, 0xfb, 0x01, 0x8c, 0xfc, 0x01, 0xfc,
    0x9f, 0x00, 0xbe, 0xfd, 0x00, 0x3e, 0x71, 0x00, 0xfc, 0xf9, 0x01, 0xec, 0x8f, 0x01, 0xc0, 0x0f,
    0x01, 0xfe, 0xff, 0x03, 0x00, 0x00, 0x00, 0xf8, 0x7f, 0x00, 0xf8, 0x7f, 0x00, 0x00, 0x00, 0x00,
    0xf8, 0x7f, 0x00, 0x1c, 0x60, 0x00, 0xfc, 0x7f, 0x00, 0x00, 0x00, 0x00
};
static const uint8_t ui_menu_18_8ba4[] = {
    0x00, 0x00, 0x00, 0x00, 0x00, 0x00, 0x04, 0x1c, 0x00, 0x0c, 0x1c, 0x00, 0x1c, 0x1c, 0x00, 0x18,
    0x1c, 0x00, 0x00, 0x1c, 0x00, 0x00, 0x1c, 0x00, 0x0f, 0x1c, 0x00, 0x0e, 0x1c, 0x00, 0x0c, 0x1c,
    0x00, 0x0c, 0x3e, 0x00, 0x0c, 0x3e, 0x00, 0x7c, 0x77, 0x00, 0x7c, 0x77, 0x00, 0xbc, 0xe3, 0x00,
    0xdc, 0xc3, 0x01, 0xcc, 0xc1, 0x01, 0x84, 0x80, 0x00, 0x00, 0x00, 0x00
};
static const uint8_t ui_menu_18_8bbe[] = {
    0x00, 0x00, 0x00, 0x00, 0x00, 0x00, 0x04, 0x00, 0x00, 0x8e, 0x7f, 0x00, 0x9c, 0x7f, 0x00, 0x98,
    0x63, 0x00, 0x80, 0xe3, 0x01, 0xc0, 0xe1, 0x01, 0x8f, 0x00, 0x00, 0xcf, 0xff, 0x00, 0xcc, 0xff,
    0x00, 0x8c, 0xe1, 0x00, 0x8c, 0xe1, 0x00, 0xac, 0x73, 0x00, 0x3c, 0x3f, 0x00, 0x3c, 0x3e, 0x00,
    0x9c, 0xff, 0x00, 0xec, 0xf7, 0x01, 0xc0, 0xc1, 0x01, 0x00, 0x00, 0x00
};
static const uint8_t ui_menu_18_8bd5[] = {
    0x00, 0x00, 0x00, 0x00, 0x00, 0x00, 0x00, 0x10, 0x00, 0x06, 0xf8, 0x00, 0x0c, 0xb0, 0x01, 0x1c,
    0xb8, 0x01, 0xe0, 0xff, 0x03, 0xe0, 0xff, 0x01, 0x0f, 0x30, 0x00, 0x0f, 0x30, 0x00, 0xec, 0x37,
    0x00, 0xec, 0x37, 0x00, 0x8c, 0x31, 0x00, 0x8c, 0x31, 0x00, 0x8c, 0x31, 0x01, 0xbc, 0x77, 0x03,
    0xfc, 0xe7, 0x03, 0xfc, 0xe7, 0x01, 0x4c, 0xe0, 0x01, 0x00, 0xc0, 0x00
};
static const uint8_t ui_menu_18_8bef[] = {
    0x00, 0x00, 0x00, 0x00, 0x00, 0x00, 0x04, 0x00, 0x00, 0xce, 0xff, 0x01, 0xdc, 0xff, 0x01, 0xdc,
    0xc1, 0x01, 0xc0, 0xc1, 0x01, 0xc0, 0xff, 0x01, 0x0f, 0x00, 0x00, 0x0f, 0x00, 0x00, 0xcc, 0xff,
    0x01, 0x0c, 0x1c, 0x00, 0x0c, 0x0c, 0x00, 0xcc, 0xff, 0x03, 0xfc, 0xff, 0x03, 0x1c, 0x3e, 0x00,
    0x1c, 0x77, 0x00, 0xec, 0xe3, 0x01, 0xe0, 0xc0, 0x01, 0x00, 0x00, 0x00
};
static const uint8_t ui_menu_18_8bf7[] = {
    0x00, 0x00, 0x00, 0x00, 0x00, 0x00, 0x00, 0x0c, 0x00, 0x06, 0x1e, 0x00, 0xec, 0xff, 0x01, 0x1c,
    0x1c, 0x00, 0xc0, 0xff, 0x01, 0x00, 0x1c, 0x00, 0xef, 0xff, 0x03, 0x0f, 0x00, 0x00, 0xcc, 0xff,
    0x00, 0xcc, 0xff, 0x00, 0xcc, 0xc0, 0x00, 0xcc, 0xff, 0x00, 0xcc, 0xc0, 0x00, 0xdc, 0xff, 0x00,
    0xdc, 0xc1, 0x00, 0xce, 0xc0, 0x00, 0xc4, 0xf8, 0x00, 0x00, 0x00, 0x00
};
static const uint8_t ui_menu_18_8c03[] = {
    0x00, 0x00, 0x00, 0x00, 0x00, 0x00, 0x00, 0x00, 0x00, 0xee, 0xff, 0x01, 0xec, 0xff, 0x01, 0x6c,
    0x8c, 0x01, 0x60, 0xbf, 0x01, 0x67, 0xbf, 0x01, 0x6f, 0x8c, 0x01, 0xee, 0xff, 0x01, 0xee, 0xbf,
    0x01, 0x6e, 0x80, 0x01, 0x6e, 0xbf, 0x01, 0x7e, 0xb3, 0x01, 0x7e, 0xb3, 0x01, 0x6e, 0xbf, 0x01,
    0x76, 0x83, 0x01, 0x70, 0xf0, 0x01, 0x30, 0xf0, 0x00, 0x00, 0x00, 0x00
};
static const uint8_t ui_menu_18_8fd4[] = {
    0x00, 0x00, 0x00, 0x00, 0x00, 0x00, 0x04, 0x80, 0x00, 0xce, 0xff, 0x01, 0xdc, 0xff, 0x01, 0xdc,
    0x01, 0x00, 0xc0, 0x01, 0x00, 0xc0, 0xff, 0x01, 0xcf, 0xfd, 0x01, 0xcf, 0xc4, 0x00, 0xcc, 0xee,
    0x00, 0xcc, 0x7c, 0x00, 0xec, 0x78, 0x00, 0x7c, 0xfe, 0x00, 0x4c, 0xcf, 0x01, 0x1e, 0x83, 0x01,
    0x7f, 0x83, 0x01, 0xf6, 0xff, 0x01, 0xc2, 0xff, 0x01, 0x00, 0x00, 0x00
};
static const uint8_t ui_menu_18_901a[] = {
    0x00, 0x00, 0x00, 0x00, 0x00, 0x00, 0x04, 0x00, 0x00, 0xee, 0xff, 0x01, 0xcc, 0xe3, 0x01, 0x9c,
    0x73, 0x00, 0x00, 0x3f, 0x00, 0xc0, 0xff, 0x01, 0xce, 0xcc, 0x01, 0xcf, 0xff, 0x01, 0xce, 0xff,
    0x01, 0xcc, 0x8c, 0x01, 0xcc, 0xff, 0x01, 0xcc, 0xdf, 0x01, 0xcc, 0xcc, 0x01, 0xcc, 0xfc, 0x00,
    0x7e, 0xe0, 0x00, 0xf6, 0xff, 0x01, 0xe2, 0xff, 0x01, 0x00, 0x00, 0x00
};
static const uint8_t ui_menu_18_91cd[] = {
    0x00, 0x00, 0x00, 0x00, 0x00, 0x00, 0x00, 0x00, 0x00, 0xfc, 0xff, 0x00, 0x00, 0x03, 0x00, 0xfe,
    0xff, 0x03, 0xff, 0xff, 0x03, 0x00, 0x03, 0x00, 0xfc, 0xff, 0x00, 0x0c, 0xc3, 0x00, 0xfc, 0xff,
    0x00, 0x9c, 0xe7, 0x00, 0x9c, 0xe7, 0x00, 0xfc, 0xff, 0x00, 0x00, 0x03, 0x00, 0xfe, 0xff, 0x01,
    0x00, 0x03, 0x00, 0xff, 0xff, 0x03, 0xff, 0xff, 0x03, 0x00, 0x00, 0x00
};
static const uint8_t ui_menu_18_9519[] = {
    0x00, 0x00, 0x00, 0x00, 0x00, 0x00, 0x0c, 0x46, 0x00, 0x0c, 0xe6, 0x00, 0xbc, 0xff, 0x01, 0xbe,
    0xff, 0x01, 0x06, 0xe6, 0x00, 0x07, 0xe6, 0x00, 0xbf, 0xff, 0x03, 0x9e, 0xff, 0x01, 0x0c, 0x00,
    0x00, 0xbf, 0xff, 0x01, 0x7f, 0x83, 0x01, 0x9c, 0xc3, 0x01, 0x8c, 0xff, 0x01, 0x3c, 0x83, 0x01,
    0xbc, 0xc3, 0x01, 0x9c, 0xff, 0x01, 0x8c, 0xc3, 0x01, 0x00, 0x00, 0x00
};
static const uint8_t ui_menu_18_952e[] = {
    0x00, 0x00, 0x00, 0x00, 0x00, 0x00, 0x0c, 0x30, 0x00, 0xcc, 0xfd, 0x01, 0xfe, 0xfd, 0x01, 0x9e,
    0xb1, 0x01, 0xc7, 0xfe, 0x03, 0xdf, 0xb0, 0x01, 0xfe, 0xb0, 0x01, 0xec, 0xff, 0x01, 0x8c, 0x31,
    0x00, 0x3f, 0xff, 0x01, 0xbe, 0xfd, 0x00, 0xec, 0x31, 0x00, 0xcc, 0xff, 0x01, 0xdc, 0x31, 0x00,
    0xdc, 0x33, 0x00, 0xee, 0xff, 0x03, 0x64, 0xfc, 0x01, 0x00, 0x00, 0x00
};
static const uint8_t ui_menu_18_95f4[] = {
    0x00, 0x00, 0x00, 0x00, 0x00, 0x00, 0x30, 0x00, 0x00, 0x38, 0xff, 0x01, 0x76, 0xff, 0x01, 0x06,
    0x80, 0x01, 0xe6, 0x9f, 0x01, 0xe6, 0x9f, 0x01, 0x66, 0x98, 0x01, 0x66, 0x98, 0x01, 0xe6, 0x9f,
    0x01, 0xe6, 0x9f, 0x01, 0x66, 0x98, 0x01, 0x66, 0x98, 0x01, 0xe6, 0x9f, 0x01, 0xe6, 0x9f, 0x01,
    0x66, 0xc0, 0x01, 0x06, 0xf8, 0x01, 0x06, 0xf8, 0x00, 0x00, 0x00, 0x00
};
static const uint8_t ui_menu_18_9875[] = {
    0x00, 0x00, 0x00, 0x00, 0x00, 0x00, 0x00, 0x00, 0x00, 0xfe, 0xff, 0x01, 0xfe, 0xff, 0x01, 0x80,
    0x03, 0x00, 0x80, 0x03, 0x00, 0xfc, 0xff, 0x00, 0xfc, 0xff, 0x00, 0x1c, 0xc0, 0x00, 0x1c, 0xc3,
    0x00, 0x1c, 0xc3, 0x00, 0x1c, 0xc3, 0x00, 0x9c, 0xe3, 0x00, 0x9c, 0xc7, 0x00, 0xc0, 0x3f, 0x00,
    0xf8, 0xf8, 0x00, 0x7e, 0xe0, 0x01, 0x1e, 0x80, 0x01, 0x00, 0x00, 0x00
};
static const uint8_t ui_menu_18_ff1a[] = {
    0x00, 0x00, 0x00, 0x00, 0x00, 0x00, 0x00, 0x00, 0x00, 0x00, 0x00, 0x00, 0x00, 0x00, 0x00, 0x00,
    0x00, 0x00, 0x00, 0x00, 0x00, 0x30, 0x00, 0x00, 0x38, 0x00, 0x00, 0x30, 0x00, 0x00, 0x00, 0x00,
    0x00, 0x00, 0x00, 0x00, 0x00, 0x00, 0x00, 0x00, 0x00, 0x00, 0x10, 0x00, 0x00, 0x38, 0x00, 0x00,
    0x38, 0x00, 0x00, 0x00, 0x00, 0x00, 0x00, 0x00, 0x00, 0x00, 0x00, 0x00
};
static const ui_menu_glyph_t ui_menu_glyphs_18[] = {
    {0x0020, 5u, ui_menu_18_0020},
    {0x0025, 17u, ui_menu_18_0025},
    {0x002d, 8u, ui_menu_18_002d},
    {0x002e, 5u, ui_menu_18_002e},
    {0x0030, 11u, ui_menu_18_0030},
    {0x0031, 11u, ui_menu_18_0031},
    {0x0032, 11u, ui_menu_18_0032},
    {0x0033, 11u, ui_menu_18_0033},
    {0x0034, 11u, ui_menu_18_0034},
    {0x0035, 11u, ui_menu_18_0035},
    {0x0036, 11u, ui_menu_18_0036},
    {0x0037, 11u, ui_menu_18_0037},
    {0x0038, 11u, ui_menu_18_0038},
    {0x0039, 11u, ui_menu_18_0039},
    {0x003a, 5u, ui_menu_18_003a},
    {0x003f, 8u, ui_menu_18_003f},
    {0x0042, 12u, ui_menu_18_0042},
    {0x0056, 13u, ui_menu_18_0056},
    {0x0062, 12u, ui_menu_18_0062},
    {0x0064, 12u, ui_menu_18_0064},
    {0x006d, 18u, ui_menu_18_006d},
    {0x4e00, 18u, ui_menu_18_4e00},
    {0x4e0a, 18u, ui_menu_18_4e0a},
    {0x4e0d, 18u, ui_menu_18_4e0d},
    {0x4e2a, 18u, ui_menu_18_4e2a},
    {0x4e2d, 18u, ui_menu_18_4e2d},
    {0x4e3a, 18u, ui_menu_18_4e3a},
    {0x4e3b, 18u, ui_menu_18_4e3b},
    {0x4eae, 18u, ui_menu_18_4eae},
    {0x4ed6, 18u, ui_menu_18_4ed6},
    {0x4f20, 18u, ui_menu_18_4f20},
    {0x4fdd, 18u, ui_menu_18_4fdd},
    {0x4fe1, 18u, ui_menu_18_4fe1},
    {0x5176, 18u, ui_menu_18_5176},
    {0x51fa, 18u, ui_menu_18_51fa},
    {0x5206, 18u, ui_menu_18_5206},
    {0x5230, 18u, ui_menu_18_5230},
    {0x524d, 18u, ui_menu_18_524d},
    {0x529f, 18u, ui_menu_18_529f},
    {0x533a, 18u, ui_menu_18_533a},
    {0x5382, 18u, ui_menu_18_5382},
    {0x538b, 18u, ui_menu_18_538b},
    {0x53f7, 18u, ui_menu_18_53f7},
    {0x540d, 18u, ui_menu_18_540d},
    {0x542f, 18u, ui_menu_18_542f},
    {0x56de, 18u, ui_menu_18_56de},
    {0x5730, 18u, ui_menu_18_5730},
    {0x5740, 18u, ui_menu_18_5740},
    {0x5907, 18u, ui_menu_18_5907},
    {0x590d, 18u, ui_menu_18_590d},
    {0x59cb, 18u, ui_menu_18_59cb},
    {0x5b58, 18u, ui_menu_18_5b58},
    {0x5b89, 18u, ui_menu_18_5b89},
    {0x5b9a, 18u, ui_menu_18_5b9a},
    {0x5c4f, 18u, ui_menu_18_5c4f},
    {0x5df2, 18u, ui_menu_18_5df2},
    {0x5e38, 18u, ui_menu_18_5e38},
    {0x5e76, 18u, ui_menu_18_5e76},
    {0x5e8f, 18u, ui_menu_18_5e8f},
    {0x5f00, 18u, ui_menu_18_5f00},
    {0x5f02, 18u, ui_menu_18_5f02},
    {0x6001, 18u, ui_menu_18_6001},
    {0x603b, 18u, ui_menu_18_603b},
    {0x6062, 18u, ui_menu_18_6062},
    {0x606f, 18u, ui_menu_18_606f},
    {0x6210, 18u, ui_menu_18_6210},
    {0x626b, 18u, ui_menu_18_626b},
    {0x62a5, 18u, ui_menu_18_62a5},
    {0x6309, 18u, ui_menu_18_6309},
    {0x63cf, 18u, ui_menu_18_63cf},
    {0x6539, 18u, ui_menu_18_6539},
    {0x6570, 18u, ui_menu_18_6570},
    {0x65e0, 18u, ui_menu_18_65e0},
    {0x65f6, 18u, ui_menu_18_65f6},
    {0x66f4, 18u, ui_menu_18_66f4},
    {0x672c, 18u, ui_menu_18_672c},
    {0x673a, 18u, ui_menu_18_673a},
    {0x6b21, 18u, ui_menu_18_6b21},
    {0x6bd4, 18u, ui_menu_18_6bd4},
    {0x6c47, 18u, ui_menu_18_6c47},
    {0x6d4b, 18u, ui_menu_18_6d4b},
    {0x7259, 18u, ui_menu_18_7259},
    {0x72b6, 18u, ui_menu_18_72b6},
    {0x7387, 18u, ui_menu_18_7387},
    {0x7535, 18u, ui_menu_18_7535},
    {0x7684, 18u, ui_menu_18_7684},
    {0x76ee, 18u, ui_menu_18_76ee},
    {0x786e, 18u, ui_menu_18_786e},
    {0x79d2, 18u, ui_menu_18_79d2},
    {0x79f0, 18u, ui_menu_18_79f0},
    {0x7ad9, 18u, ui_menu_18_7ad9},
    {0x7ec4, 18u, ui_menu_18_7ec4},
    {0x7ed1, 18u, ui_menu_18_7ed1},
    {0x7ee7, 18u, ui_menu_18_7ee7},
    {0x7f51, 18u, ui_menu_18_7f51},
    {0x7f6e, 18u, ui_menu_18_7f6e},
    {0x84dd, 18u, ui_menu_18_84dd},
    {0x88c5, 18u, ui_menu_18_88c5},
    {0x89e3, 18u, ui_menu_18_89e3},
    {0x8b66, 18u, ui_menu_18_8b66},
    {0x8ba4, 18u, ui_menu_18_8ba4},
    {0x8bbe, 18u, ui_menu_18_8bbe},
    {0x8bd5, 18u, ui_menu_18_8bd5},
    {0x8bef, 18u, ui_menu_18_8bef},
    {0x8bf7, 18u, ui_menu_18_8bf7},
    {0x8c03, 18u, ui_menu_18_8c03},
    {0x8fd4, 18u, ui_menu_18_8fd4},
    {0x901a, 18u, ui_menu_18_901a},
    {0x91cd, 18u, ui_menu_18_91cd},
    {0x9519, 18u, ui_menu_18_9519},
    {0x952e, 18u, ui_menu_18_952e},
    {0x95f4, 18u, ui_menu_18_95f4},
    {0x9875, 18u, ui_menu_18_9875},
    {0xff1a, 18u, ui_menu_18_ff1a},
};
static const uint8_t ui_menu_nav_0[] = {
    0x00, 0x00, 0x00, 0x00, 0xe0, 0x00, 0xb0, 0x01, 0x58, 0x03, 0xec, 0x06, 0xfe, 0x0f, 0xf8, 0x03,
    0xf8, 0x07, 0x18, 0x07, 0x18, 0x07, 0x18, 0x03, 0x00, 0x00
};
static const uint8_t ui_menu_title_0[] = {
    0x00, 0x00, 0x00, 0x00, 0x00, 0x00, 0x00, 0x00, 0x00, 0xfc, 0x01, 0x00, 0x00, 0xff, 0x03, 0x00,
    0x80, 0xff, 0x07, 0x00, 0x80, 0xff, 0x0f, 0x00, 0xc0, 0x87, 0x0f, 0x00, 0xc0, 0x03, 0x1f, 0x00,
    0xc0, 0x03, 0x1e, 0x00, 0xc0, 0x03, 0x1e, 0x00, 0xc0, 0x03, 0x1e, 0x00, 0xc0, 0x03, 0x0f, 0x00,
    0xc0, 0x8f, 0x0f, 0x00, 0x80, 0xff, 0x0f, 0x00, 0x80, 0xff, 0x07, 0x00, 0x00, 0xff, 0x07, 0x00,
    0x00, 0xff, 0x03, 0x00, 0x00, 0xfe, 0x01, 0x00, 0x00, 0xfc, 0x01, 0x00, 0x00, 0xfc, 0x00, 0x00,
    0xe0, 0x78, 0x1c, 0x00, 0x30, 0x30, 0x30, 0x00, 0x38, 0x00, 0x70, 0x00, 0xf0, 0x00, 0x3c, 0x00,
    0xf0, 0xff, 0x3f, 0x00, 0xc0, 0xff, 0x0f, 0x00, 0x00, 0xfe, 0x01, 0x00
};
static const uint8_t ui_menu_nav_1[] = {
    0x00, 0x00, 0xe0, 0x00, 0xe0, 0x01, 0xb0, 0x01, 0xe0, 0x01, 0xf0, 0x01, 0xf8, 0x03, 0x18, 0x02,
    0x3c, 0x0f, 0x36, 0x0d, 0x36, 0x0d, 0x3c, 0x0f, 0x00, 0x00
};
static const uint8_t ui_menu_title_1[] = {
    0x00, 0x00, 0x00, 0x00, 0x00, 0x00, 0x00, 0x00, 0x00, 0xf8, 0x01, 0x00, 0x00, 0xfc, 0x03, 0x00,
    0x00, 0x9c, 0x03, 0x00, 0x00, 0x9c, 0x03, 0x00, 0x00, 0x9c, 0x03, 0x00, 0x00, 0xfc, 0x03, 0x00,
    0x00, 0xf8, 0x01, 0x00, 0x00, 0x60, 0x00, 0x00, 0x00, 0x60, 0x00, 0x00, 0x00, 0xff, 0x07, 0x00,
    0x80, 0xff, 0x1f, 0x00, 0xc0, 0xe1, 0x38, 0x00, 0xc0, 0x00, 0x38, 0x00, 0xf8, 0x03, 0xfc, 0x01,
    0xfc, 0x03, 0xfc, 0x01, 0x9c, 0x03, 0x8c, 0x01, 0x1c, 0x03, 0x8c, 0x01, 0x9c, 0x03, 0xdc, 0x01,
    0xfc, 0x03, 0xfc, 0x01, 0xf8, 0x01, 0xf8, 0x01, 0x00, 0x00, 0x00, 0x00, 0x00, 0x00, 0x00, 0x00,
    0x00, 0x00, 0x00, 0x00, 0x00, 0x00, 0x00, 0x00, 0x00, 0x00, 0x00, 0x00
};
static const uint8_t ui_menu_nav_2[] = {
    0x00, 0x00, 0x80, 0x03, 0x80, 0x07, 0xfc, 0x06, 0xec, 0x03, 0xe0, 0x01, 0xe0, 0x00, 0xe0, 0x04,
    0xf0, 0x0f, 0x38, 0x0d, 0x18, 0x0d, 0x08, 0x07, 0x00, 0x00
};
static const uint8_t ui_menu_title_2[] = {
    0x00, 0x60, 0x00, 0x00, 0x00, 0x60, 0x00, 0x00, 0x00, 0x60, 0x00, 0x00, 0x00, 0xfc, 0x03, 0x00,
    0x00, 0xff, 0x0f, 0x00, 0x80, 0x67, 0x1e, 0x00, 0xc0, 0x61, 0x38, 0x00, 0xe0, 0x60, 0x70, 0x00,
    0x60, 0x0c, 0x60, 0x00, 0x70, 0x06, 0xe6, 0x00, 0x30, 0x03, 0xcc, 0x00, 0x30, 0x73, 0xcc, 0x00,
    0xfc, 0x79, 0xfc, 0x03, 0xfc, 0x79, 0xf8, 0x07, 0xf8, 0x71, 0xfc, 0x03, 0x30, 0x71, 0xcc, 0x00,
    0x70, 0x03, 0xc4, 0x00, 0x70, 0x02, 0xe6, 0x00, 0x60, 0x84, 0x63, 0x00, 0xe0, 0xe0, 0x70, 0x00,
    0xc0, 0x61, 0x38, 0x00, 0x80, 0x67, 0x1e, 0x00, 0x00, 0xff, 0x0f, 0x00, 0x00, 0xfc, 0x03, 0x00,
    0x00, 0x60, 0x00, 0x00, 0x00, 0x60, 0x00, 0x00, 0x00, 0x00, 0x00, 0x00
};
static const uint8_t ui_menu_nav_3[] = {
    0x00, 0x00, 0x00, 0x02, 0xf8, 0x07, 0xfc, 0x0f, 0x06, 0x0c, 0xc4, 0x08, 0xc6, 0x08, 0x06, 0x09,
    0xf6, 0x0b, 0x06, 0x08, 0xfe, 0x0f, 0xfc, 0x0f, 0x00, 0x00
};
static const uint8_t ui_menu_title_3[] = {
    0x00, 0x00, 0x07, 0x00, 0x00, 0xc0, 0x1f, 0x00, 0x00, 0xe0, 0x0f, 0x00, 0x00, 0xf0, 0x07, 0x00,
    0x00, 0xf0, 0x03, 0x00, 0x00, 0xf8, 0x01, 0x00, 0x00, 0xf8, 0x00, 0x03, 0x00, 0xf8, 0x81, 0x03,
    0x00, 0xf8, 0xc1, 0x03, 0x00, 0xf8, 0xe7, 0x03, 0x00, 0xf8, 0xff, 0x01, 0x00, 0xfc, 0xff, 0x01,
    0x00, 0xfe, 0xff, 0x00, 0x00, 0xff, 0x7f, 0x00, 0x80, 0xff, 0x3f, 0x00, 0xc0, 0xff, 0x06, 0x00,
    0xe0, 0x7f, 0x00, 0x00, 0xe0, 0x3f, 0x00, 0x00, 0xf0, 0x1f, 0x00, 0x00, 0xf8, 0x0f, 0x00, 0x00,
    0x9c, 0x07, 0x00, 0x00, 0x8c, 0x03, 0x00, 0x00, 0xcc, 0x01, 0x00, 0x00, 0xfc, 0x01, 0x00, 0x00,
    0xf8, 0x00, 0x00, 0x00, 0x20, 0x00, 0x00, 0x00, 0x00, 0x00, 0x00, 0x00
};
static const uint8_t ui_menu_nav_4[] = {
    0x00, 0x00, 0xc0, 0x00, 0xf8, 0x07, 0xbc, 0x07, 0x1c, 0x06, 0x0c, 0x0c, 0x0e, 0x0c, 0x0c, 0x0c,
    0x1c, 0x06, 0xfc, 0x07, 0xf8, 0x07, 0xc0, 0x00, 0x00, 0x00
};
static const uint8_t ui_menu_title_4[] = {
    0x00, 0x00, 0x00, 0x00, 0x00, 0x00, 0x00, 0x00, 0x00, 0xf8, 0x07, 0x00, 0x00, 0xfc, 0x0f, 0x00,
    0x00, 0xff, 0x1f, 0x00, 0x00, 0xff, 0x3f, 0x00, 0x80, 0xff, 0x7f, 0x00, 0x80, 0xff, 0x7f, 0x00,
    0xc0, 0xff, 0xff, 0x00, 0xc0, 0xff, 0xff, 0x00, 0xf8, 0x9f, 0xff, 0x01, 0xfc, 0x0f, 0xff, 0x07,
    0xfe, 0x07, 0xfe, 0x0f, 0xff, 0x07, 0xfc, 0x1f, 0xff, 0x03, 0xf8, 0x1f, 0xff, 0x03, 0xf8, 0x1f,
    0xff, 0x0f, 0xff, 0x1f, 0xff, 0x0f, 0xff, 0x1f, 0xff, 0x0f, 0xff, 0x1f, 0xff, 0x0f, 0xff, 0x1f,
    0xff, 0x0f, 0xff, 0x1f, 0xfe, 0x0f, 0xff, 0x0f, 0xfc, 0x0f, 0xff, 0x07, 0xf0, 0x0f, 0xff, 0x01,
    0x00, 0x00, 0x00, 0x00, 0x00, 0x00, 0x00, 0x00, 0x00, 0x00, 0x00, 0x00
};
static const uint8_t ui_menu_nav_5[] = {
    0x00, 0x00, 0xe0, 0x01, 0xf0, 0x07, 0x38, 0x07, 0x1c, 0x00, 0x0c, 0x00, 0x0c, 0x00, 0x0c, 0x00,
    0x1c, 0x0c, 0x38, 0x0e, 0xf8, 0x0f, 0xe0, 0x07, 0x00, 0x00
};
static const uint8_t ui_menu_title_5[] = {
    0x00, 0x00, 0x00, 0x00, 0x00, 0x00, 0x00, 0x00, 0x00, 0x1c, 0x01, 0x00, 0x00, 0x9c, 0x03, 0x00,
    0xc0, 0x9e, 0x0f, 0x00, 0xe0, 0x1f, 0x1f, 0x00, 0xf0, 0x1f, 0x3f, 0x00, 0xf0, 0x1f, 0x7e, 0x00,
    0xe0, 0x00, 0xfc, 0x00, 0xe0, 0x20, 0xf8, 0x00, 0x70, 0xf8, 0xf8, 0x00, 0x78, 0x8c, 0xf1, 0x01,
    0x7c, 0x86, 0xf3, 0x03, 0x7c, 0x86, 0xf3, 0x03, 0x7c, 0x86, 0xf1, 0x01, 0x70, 0xcc, 0xf1, 0x00,
    0xe0, 0xf8, 0xf8, 0x00, 0xe0, 0x30, 0xfc, 0x00, 0xf0, 0x31, 0x7e, 0x00, 0xf0, 0x3f, 0x7e, 0x00,
    0xe0, 0x3f, 0x3f, 0x00, 0xc0, 0x3f, 0x1f, 0x00, 0x00, 0x1c, 0x03, 0x00, 0x00, 0x1c, 0x01, 0x00,
    0x00, 0x00, 0x00, 0x00, 0x00, 0x00, 0x00, 0x00, 0x00, 0x00, 0x00, 0x00
};
static const uint8_t ui_menu_nav_6[] = {
    0x00, 0x00, 0x00, 0x00, 0x30, 0x03, 0x38, 0x07, 0x5c, 0x0f, 0xdc, 0x0e, 0xee, 0x0c, 0xee, 0x0d,
    0xcc, 0x0c, 0xdc, 0x0e, 0x3c, 0x07, 0x38, 0x03, 0x00, 0x00
};
static const uint8_t ui_menu_title_6[] = {
    0x00, 0x00, 0x00, 0x00, 0x00, 0xfe, 0x07, 0x00, 0xc0, 0xff, 0x1f, 0x00, 0xe0, 0xff, 0x7f, 0x00,
    0xf0, 0xff, 0x7f, 0x00, 0xf0, 0xff, 0xff, 0x00, 0xe0, 0xff, 0x7f, 0x00, 0xc0, 0xff, 0x3f, 0x00,
    0x00, 0xff, 0x0f, 0x00, 0x30, 0x00, 0xc0, 0x00, 0xf0, 0x00, 0xf0, 0x00, 0xf0, 0xff, 0xff, 0x00,
    0xf0, 0xff, 0xff, 0x00, 0xf0, 0xff, 0xff, 0x00, 0xf0, 0xff, 0x7f, 0x00, 0xc0, 0xff, 0x3f, 0x00,
    0x00, 0xff, 0x07, 0x00, 0x10, 0x00, 0xc0, 0x00, 0x70, 0x00, 0xf0, 0x00, 0xf0, 0x07, 0xff, 0x00,
    0xf0, 0xff, 0xff, 0x00, 0xe0, 0xff, 0x7f, 0x00, 0xe0, 0xff, 0x3f, 0x00, 0x80, 0xff, 0x0f, 0x00,
    0x00, 0xf8, 0x01, 0x00, 0x00, 0x00, 0x00, 0x00, 0x00, 0x00, 0x00, 0x00
};
static const uint8_t ui_menu_nav_7[] = {
    0x00, 0x00, 0xc0, 0x00, 0xf0, 0x03, 0x38, 0x07, 0x1c, 0x0c, 0x0c, 0x0c, 0x0c, 0x18, 0x0c, 0x0c,
    0x00, 0x0c, 0x00, 0x0e, 0xf0, 0x07, 0xe0, 0x01, 0x00, 0x00
};
static const uint8_t ui_menu_title_7[] = {
    0x00, 0x00, 0x00, 0x00, 0x00, 0x00, 0x00, 0x00, 0x00, 0x40, 0x00, 0x00, 0x00, 0xe0, 0x01, 0x00,
    0x00, 0xf8, 0x03, 0x00, 0x00, 0x5c, 0x07, 0x00, 0x00, 0xee, 0x0e, 0x00, 0x00, 0xf7, 0x1d, 0x00,
    0x80, 0xfb, 0x3f, 0x00, 0xc0, 0xfe, 0xff, 0x00, 0x70, 0xff, 0xdf, 0x01, 0xb8, 0xff, 0xbf, 0x03,
    0xdc, 0xff, 0xff, 0x07, 0xec, 0xff, 0xff, 0x0d, 0xf0, 0xff, 0xff, 0x01, 0xf0, 0xff, 0xff, 0x01,
    0xf0, 0xff, 0xff, 0x01, 0xf0, 0xff, 0xff, 0x01, 0xf0, 0x0f, 0xfe, 0x01, 0xf0, 0x07, 0xfc, 0x01,
    0xf0, 0x07, 0xfc, 0x01, 0xf0, 0x07, 0xfc, 0x01, 0xf0, 0x07, 0xfc, 0x01, 0xf0, 0x07, 0xfc, 0x01,
    0xf0, 0x07, 0xfc, 0x01, 0xe0, 0x07, 0xfc, 0x00, 0x00, 0x00, 0x00, 0x00
};
static const uint8_t ui_menu_detail_address[] = {
    0x00, 0x00, 0x00, 0x00, 0x00, 0x00, 0x00, 0x00, 0xfe, 0x01, 0x00, 0x00, 0x00, 0x00, 0xff, 0x07,
    0x00, 0x00, 0x00, 0xc0, 0x07, 0x0f, 0x00, 0x00, 0x00, 0xc0, 0x01, 0x1c, 0x00, 0x00, 0x00, 0xe0,
    0x00, 0x38, 0x00, 0x00, 0x00, 0x70, 0x00, 0x70, 0x00, 0x00, 0x00, 0x30, 0x70, 0x70, 0x00, 0x00,
    0x00, 0x38, 0xfc, 0x61, 0x00, 0x00, 0x00, 0x38, 0xdc, 0xe1, 0x00, 0x00, 0x00, 0x18, 0x8e, 0xe3,
    0x00, 0x00, 0x00, 0x18, 0x06, 0xe3, 0x00, 0x00, 0x00, 0x18, 0x06, 0xe3, 0x00, 0x00, 0x00, 0x38,
    0x8e, 0xe1, 0x00, 0x00, 0x00, 0x38, 0xfc, 0x61, 0x00, 0x00, 0x00, 0x30, 0xf8, 0x60, 0x00, 0x00,
    0x00, 0x70, 0x00, 0x70, 0x00, 0x00, 0x00, 0x60, 0x00, 0x30, 0x00, 0x00, 0x00, 0xe0, 0x00, 0x38,
    0x00, 0x00, 0x00, 0xc0, 0x00, 0x1c, 0x00, 0x00, 0x00, 0xc0, 0x01, 0x1c, 0x00, 0x00, 0x00, 0x80,
    0x03, 0x0e, 0x00, 0x00, 0x00, 0x80, 0x03, 0x06, 0x00, 0x00, 0x00, 0x00, 0x07, 0x07, 0x00, 0x00,
    0xe0, 0x1f, 0x07, 0xc3, 0x7f, 0x00, 0xe0, 0x3f, 0x8e, 0xe3, 0x7f, 0x00, 0x60, 0x00, 0xcc, 0x01,
    0x60, 0x00, 0x70, 0x00, 0xdc, 0x01, 0xe0, 0x00, 0x30, 0x00, 0xf8, 0x00, 0xe0, 0x00, 0x30, 0x00,
    0x78, 0x18, 0xc0, 0x00, 0x38, 0x00, 0x70, 0x38, 0xc0, 0x01, 0x18, 0x00, 0x20, 0xf0, 0xff, 0x01,
    0x18, 0x00, 0x00, 0xe0, 0xff, 0x01, 0x1c, 0x00, 0x00, 0xc0, 0xff, 0x03, 0x0c, 0x00, 0x00, 0x00,
    0x00, 0x03, 0x0c, 0x00, 0x00, 0x00, 0x00, 0x03, 0x0e, 0x00, 0x00, 0x00, 0x00, 0x07, 0x06, 0x00,
    0x00, 0x00, 0x00, 0x06, 0x06, 0x00, 0x00, 0x00, 0x00, 0x06, 0x07, 0x00, 0x00, 0x00, 0x00, 0x0e,
    0x03, 0x80, 0x01, 0x00, 0x00, 0x0c, 0x03, 0xc0, 0x03, 0x00, 0x00, 0x0c, 0x03, 0xe0, 0x07, 0x00,
    0x00, 0x1c, 0x01, 0x70, 0x0e, 0x00, 0x00, 0x18, 0x01, 0x38, 0x1c, 0x00, 0x00, 0x18, 0x01, 0x1c,
    0x38, 0x00, 0x00, 0x38, 0x00, 0x0e, 0x78, 0x00, 0x00, 0x30, 0xff, 0x07, 0xf0, 0xff, 0xff, 0x3f,
    0xff, 0x03, 0xe0, 0xff, 0xff, 0x3f, 0x00, 0x00, 0x00, 0x00, 0x00, 0x00, 0x00, 0x00, 0x00, 0x00,
    0x00, 0x00, 0x00, 0x00, 0x00, 0x00, 0x00, 0x00
};
static const uint8_t ui_menu_detail_other[] = {
    0x00, 0x00, 0x10, 0x00, 0x00, 0x00, 0x00, 0x00, 0x10, 0x00, 0x00, 0x00, 0x00, 0x00, 0x10, 0x00,
    0x00, 0x00, 0x00, 0x00, 0x10, 0x00, 0x00, 0x00, 0x00, 0x00, 0x10, 0x00, 0x00, 0x00, 0x80, 0x01,
    0x00, 0x00, 0x02, 0x00, 0x80, 0x03, 0x00, 0x00, 0x03, 0x00, 0x00, 0x07, 0x00, 0x80, 0x01, 0x00,
    0x00, 0x06, 0xfe, 0xc0, 0x00, 0x00, 0x00, 0x80, 0xff, 0x03, 0x00, 0x00, 0x00, 0xe0, 0xef, 0x0f,
    0x00, 0x00, 0x00, 0xf0, 0x00, 0x1e, 0x00, 0x00, 0x00, 0x78, 0x00, 0x38, 0x00, 0x00, 0x00, 0x38,
    0x0f, 0x70, 0x00, 0x00, 0x00, 0x9c, 0x01, 0x70, 0x00, 0x00, 0x00, 0xcc, 0x00, 0xe0, 0x00, 0x00,
    0x00, 0x4e, 0x00, 0xe0, 0x00, 0x00, 0x00, 0x6e, 0x00, 0xc0, 0x00, 0x00, 0x00, 0x06, 0x00, 0xc0,
    0x00, 0x00, 0x3c, 0x06, 0x00, 0xc0, 0xf8, 0x00, 0x3c, 0x06, 0x00, 0xc0, 0xf8, 0x00, 0x00, 0x06,
    0x00, 0xc0, 0x00, 0x00, 0x00, 0x06, 0x00, 0xc0, 0x00, 0x00, 0x00, 0x0e, 0x00, 0xe0, 0x00, 0x00,
    0x00, 0x0e, 0x00, 0xe0, 0x00, 0x00, 0x00, 0x1c, 0x00, 0x70, 0x00, 0x00, 0x00, 0x1c, 0x00, 0x70,
    0x00, 0x00, 0x00, 0x38, 0x00, 0x38, 0x00, 0x00, 0x00, 0x70, 0x00, 0x1c, 0x00, 0x00, 0x00, 0xe0,
    0x00, 0x0e, 0x00, 0x00, 0x00, 0xe0, 0x00, 0x0e, 0x00, 0x00, 0x00, 0xc0, 0x00, 0x06, 0x00, 0x00,
    0x00, 0xc0, 0x01, 0x07, 0x00, 0x00, 0x00, 0xc0, 0xff, 0x07, 0x00, 0x00, 0x00, 0xc0, 0xff, 0x07,
    0x00, 0x00, 0x00, 0x80, 0xff, 0x03, 0x00, 0x00, 0x00, 0x00, 0x00, 0x00, 0x00, 0x00, 0x00, 0x00,
    0xff, 0x03, 0x00, 0x00, 0x00, 0x80, 0xff, 0x03, 0x00, 0x00, 0x00, 0x80, 0xff, 0x03, 0x00, 0x00,
    0x00, 0x80, 0xff, 0x03, 0x00, 0x00, 0x00, 0x00, 0x00, 0x00, 0x00, 0x00, 0x00, 0x00, 0x00, 0x00,
    0x00, 0x00, 0x00, 0x00, 0xff, 0x01, 0x00, 0x00, 0x00, 0x00, 0xff, 0x01, 0x00, 0x00, 0x00, 0x00,
    0xfe, 0x00, 0x00, 0x00, 0x00, 0x00, 0x7c, 0x00, 0x00, 0x00, 0x00, 0x00, 0x00, 0x00, 0x00, 0x00,
    0x00, 0x00, 0x00, 0x00, 0x00, 0x00, 0x00, 0x00, 0x00, 0x00, 0x00, 0x00, 0x00, 0x00, 0x00, 0x00,
    0x00, 0x00, 0x00, 0x00, 0x00, 0x00, 0x00, 0x00, 0x00, 0x00, 0x00, 0x00, 0x00, 0x00, 0x00, 0x00,
    0x00, 0x00, 0x00, 0x00, 0x00, 0x00, 0x00, 0x00, 0x00, 0x00, 0x00, 0x00, 0x00, 0x00, 0x00, 0x00,
    0x00, 0x00, 0x00, 0x00, 0x00, 0x00, 0x00, 0x00, 0x00, 0x00, 0x00, 0x00
};
static const uint8_t ui_menu_return_page[] = {
    0xff, 0xff, 0xff, 0xff, 0xff, 0xff, 0xff, 0xff, 0xff, 0xff, 0xff, 0xff, 0xff, 0xff, 0xff, 0xff,
    0xff, 0xff, 0xff, 0xff, 0xff, 0xff, 0xff, 0xff, 0xff, 0xff, 0xff, 0xff, 0xff, 0xff, 0xff, 0xff,
    0xff, 0x03, 0x00, 0x00, 0x00, 0x00, 0x00, 0x00, 0x00, 0x00, 0x00, 0x00, 0x00, 0x00, 0x00, 0x00,
    0x00, 0x00, 0x00, 0x00, 0x00, 0x00, 0x00, 0x00, 0x00, 0x00, 0x00, 0x00, 0x00, 0x00, 0x00, 0x00,
    0x00, 0x00, 0x00, 0x00, 0x00, 0x00, 0x00, 0x00, 0x00, 0x00, 0x00, 0x00, 0x00, 0x00, 0x00, 0x00,
    0x00, 0x00, 0x00, 0x00, 0x00, 0x00, 0x00, 0x00, 0x00, 0x00, 0x00, 0x00, 0x00, 0x00, 0x00, 0x00,
    0x00, 0x00, 0x00, 0x00, 0x00, 0x00, 0x00, 0x00, 0x00, 0x00, 0x00, 0x00, 0x00, 0x00, 0x00, 0x00,
    0x00, 0x00, 0x00, 0x00, 0x00, 0x00, 0x00, 0x00, 0x00, 0x00, 0x00, 0x00, 0x00, 0x00, 0x00, 0x00,
    0x00, 0x00, 0x00, 0x00, 0x00, 0x00, 0x00, 0x00, 0xf8, 0xff, 0xff, 0xff, 0xff, 0xff, 0xff, 0xff,
    0xff, 0xff, 0xff, 0xff, 0xff, 0xff, 0xff, 0xff, 0xff, 0xff, 0xff, 0xff, 0xff, 0xff, 0xff, 0xff,
    0xff, 0xff, 0xff, 0xff, 0xff, 0xff, 0xff, 0xff, 0x3f, 0x00, 0x04, 0x00, 0x00, 0x00, 0x00, 0x00,
    0x00, 0x00, 0x00, 0x00, 0x00, 0x00, 0x00, 0x00, 0x00, 0x00, 0x00, 0x00, 0x00, 0x00, 0x00, 0x00,
    0x00, 0x00, 0x00, 0x00, 0x00, 0x00, 0x00, 0x00, 0x00, 0x00, 0x40, 0x00, 0x02, 0x00, 0x00, 0x00,
    0x00, 0x00, 0x00, 0x00, 0x00, 0x00, 0x00, 0x00, 0x00, 0x00, 0x00, 0x00, 0x00, 0x00, 0x00, 0x00,
    0x00, 0x00, 0x00, 0x00, 0x00, 0x00, 0x00, 0x00, 0x00, 0x00, 0x00, 0x00, 0x80, 0x00, 0x01, 0x00,
    0x00, 0x00, 0x00, 0x00, 0x00, 0x00, 0x00, 0x00, 0x00, 0x00, 0x00, 0x00, 0x00, 0x00, 0x00, 0x00,
    0x00, 0x00, 0x00, 0x00, 0x00, 0x00, 0x00, 0x00, 0x00, 0x00, 0x00, 0x00, 0x00, 0x00, 0x00, 0x01,
    0x01, 0x00, 0x00, 0x00, 0x00, 0x00, 0x00, 0x00, 0x00, 0x00, 0x00, 0x00, 0x00, 0x00, 0x00, 0x00,
    0x00, 0x00, 0x00, 0x00, 0x00, 0x00, 0x00, 0x00, 0x00, 0x00, 0x00, 0x00, 0x00, 0x00, 0x00, 0x00,
    0x00, 0x01, 0x01, 0x00, 0x00, 0x00, 0x00, 0x00, 0x00, 0x00, 0x00, 0x00, 0x00, 0x00, 0x00, 0x00,
    0x00, 0x00, 0x00, 0x00, 0x00, 0x00, 0x00, 0x00, 0x00, 0x00, 0x00, 0x00, 0x00, 0x00, 0x00, 0x00,
    0x00, 0x00, 0x00, 0x01, 0x01, 0x00, 0x00, 0x00, 0x00, 0x00, 0x00, 0x00, 0x00, 0x00, 0x00, 0x00,
    0x00, 0x00, 0x00, 0x00, 0x00, 0x00, 0x00, 0x00, 0x00, 0x00, 0x00, 0x00, 0x00, 0x00, 0x00, 0x00,
    0x00, 0x00, 0x00, 0x00, 0x00, 0x01, 0x01, 0x00, 0x08, 0x00, 0x00, 0x00, 0x00, 0x00, 0x00, 0x00,
    0x00, 0x00, 0x00, 0x00, 0x00, 0x00, 0x00, 0x00, 0x00, 0x00, 0x00, 0x00, 0x00, 0x00, 0x00, 0x00,
    0x00, 0x00, 0x00, 0x00, 0x00, 0x00, 0x00, 0x01, 0x01, 0x00, 0x3c, 0x00, 0x00, 0x00, 0x00, 0x00,
    0x00, 0x00, 0x00, 0x00, 0x00, 0x00, 0x00, 0x00, 0x00, 0x00, 0x00, 0x00, 0x00, 0x00, 0x00, 0x00,
    0x00, 0x00, 0x00, 0x00, 0x00, 0x00, 0x00, 0x00, 0x00, 0x01, 0x01, 0x00, 0x7f, 0x00, 0x00, 0x00,
    0x00, 0x00, 0x00, 0x00, 0x00, 0x00, 0x00, 0x00, 0x00, 0x00, 0x00, 0x00, 0x00, 0x00, 0x00, 0x00,
    0x00, 0x00, 0x00, 0x00, 0x00, 0x00, 0x00, 0x00, 0x00, 0x00, 0x00, 0x01, 0x01, 0x80, 0xeb, 0x00,
    0x00, 0x80, 0x00, 0x1c, 0x00, 0x00, 0x00, 0x10, 0x00, 0x00, 0x00, 0x00, 0x00, 0x00, 0x00, 0x00,
    0x00, 0x00, 0x00, 0x00, 0x00, 0x00, 0x00, 0x00, 0x00, 0x00, 0x00, 0x00, 0x00, 0x01, 0x01, 0xc0,
    0xdd, 0x01, 0x00, 0x80, 0xf1, 0x3f, 0x00, 0x00, 0x00, 0x30, 0x00, 0xfc, 0xff, 0x07, 0x00, 0x00,
    0x00, 0x00, 0x00, 0x00, 0x00, 0x00, 0x00, 0x00, 0x00, 0x00, 0x00, 0x00, 0x00, 0x00, 0x00, 0x01,
    0x01, 0xe0, 0xbe, 0x03, 0x00, 0x80, 0x71, 0x00, 0xfc, 0xff, 0x03, 0x60, 0x00, 0x00, 0x06, 0x00,
    0x00, 0x00, 0x00, 0x00, 0x00, 0x00, 0x00, 0x00, 0x00, 0x00, 0x00, 0x00, 0x00, 0x00, 0x00, 0x00,
    0x00, 0x01, 0x01, 0x70, 0xff, 0x07, 0x00, 0x80, 0x31, 0x00, 0x0c, 0x00, 0x03, 0x40, 0x00, 0x00,
    0x06, 0x00, 0x00, 0x00, 0x00, 0x00, 0x00, 0x00, 0x00, 0x00, 0x00, 0x00, 0x00, 0x00, 0x00, 0x00,
    0x00, 0x00, 0x00, 0x01, 0x01, 0xd8, 0xff, 0x1f, 0x00, 0x00, 0x30, 0x00, 0x0c, 0x00, 0xc3, 0xff,
    0x3f, 0x00, 0x06, 0x00, 0x00, 0x00, 0x00, 0x00, 0x00, 0x00, 0x00, 0x00, 0x00, 0x00, 0x00, 0x00,
    0x00, 0x00, 0x00, 0x00, 0x00, 0x01, 0x01, 0xee, 0xff, 0x3b, 0x00, 0x00, 0xf0, 0x1f, 0x0c, 0x00,
    0x03, 0x60, 0x00, 0xf0, 0xff, 0x00, 0x00, 0x00, 0x00, 0x00, 0x00, 0x00, 0x00, 0x00, 0x00, 0x00,
    0x00, 0x00, 0x00, 0x00, 0x00, 0x00, 0x00, 0x01, 0x01, 0xf7, 0xff, 0x77, 0x00, 0x00, 0x30, 0x18,
    0xcc, 0x3f, 0x03, 0x60, 0x00, 0x30, 0xc0, 0x00, 0x00, 0x00, 0x00, 0x00, 0x00, 0x00, 0x00, 0x00,
    0x00, 0x00, 0x00, 0x00, 0x00, 0x00, 0x00, 0x00, 0x00, 0x01, 0x81, 0xfb, 0xff, 0xff, 0x00, 0xe0,
    0x31, 0x18, 0xcc, 0x30, 0x03, 0x60, 0x00, 0x30, 0xc0, 0x00, 0x00, 0x00, 0x00, 0x00, 0x00, 0x00,
    0x00, 0x00, 0x00, 0x00, 0x00, 0x00, 0x00, 0x00, 0x00, 0x00, 0x00, 0x01, 0x81, 0xfd, 0xff, 0xbf,
    0x01, 0x80, 0xb1, 0x09, 0xcc, 0x30, 0x03, 0x60, 0x00, 0x30, 0xc6, 0x00, 0x00, 0x00, 0x00, 0x00,
    0x00, 0x00, 0x00, 0x00, 0x00, 0x00, 0x00, 0x00, 0x00, 0x00, 0x00, 0x00, 0x00, 0x01, 0x01, 0xfe,
    0xff, 0x3f, 0x00, 0x80, 0x91, 0x0f, 0xcc, 0x30, 0x03, 0x60, 0x00, 0x30, 0xc6, 0x00, 0x00, 0x00,
    0x00, 0x00, 0x00, 0x00, 0x00, 0x00, 0x00, 0x00, 0x00, 0x00, 0x00, 0x00, 0x00, 0x00, 0x00, 0x01,
    0x01, 0xfe, 0xff, 0x3f, 0x00, 0x80, 0x19, 0x0e, 0xcc, 0x30, 0x83, 0xff, 0x1f, 0x30, 0xc2, 0x00,
    0x00, 0x00, 0x00, 0x00, 0x00, 0x00, 0x00, 0x00, 0x00, 0x00, 0x00, 0x00, 0x00, 0x00, 0x00, 0x00,
    0x00, 0x01, 0x01, 0xfe, 0xff, 0x3f, 0x00, 0x80, 0x19, 0x0e, 0xcc, 0x3f, 0x83, 0xff, 0x1f, 0x30,
    0xc3, 0x00, 0x00, 0x00, 0x00, 0x00, 0x00, 0x00, 0x00, 0x00, 0x00, 0x00, 0x00, 0x00, 0x00, 0x00,
    0x00, 0x00, 0x00, 0x01, 0x01, 0xfe, 0xff, 0x3f, 0x00, 0x80, 0x19, 0x1f, 0xcc, 0x1f, 0x03, 0x60,
    0x00, 0x30, 0xc3, 0x00, 0x00, 0x00, 0x00, 0x00, 0x00, 0x00, 0x00, 0x00, 0x00, 0x00, 0x00, 0x00,
    0x00, 0x00, 0x00, 0x00, 0x00, 0x01, 0x01, 0xfe, 0xc1, 0x3f, 0x00, 0x80, 0xcd, 0x31, 0x0c, 0x00,
    0x03, 0x60, 0x00, 0x10, 0x1b, 0x00, 0x00, 0x00, 0x00, 0x00, 0x00, 0x00, 0x00, 0x00, 0x00, 0x00,
    0x00, 0x00, 0x00, 0x00, 0x00, 0x00, 0x00, 0x01, 0x01, 0xfe, 0x80, 0x3f, 0x00, 0x80, 0xc9, 0x00,
    0x0c, 0x00, 0x03, 0x60, 0x00, 0xc0, 0x79, 0x00, 0x00, 0x00, 0x00, 0x00, 0x00, 0x00, 0x00, 0x00,
    0x00, 0x00, 0x00, 0x00, 0x00, 0x00, 0x00, 0x00, 0x00, 0x01, 0x01, 0xfe, 0x80, 0x3f, 0x00, 0xc0,
    0x07, 0x00, 0xfc, 0xff, 0x03, 0x60, 0x00, 0xe0, 0xe0, 0x00, 0x00, 0x00, 0x00, 0x00, 0x00, 0x00,
    0x00, 0x00, 0x00, 0x00, 0x00, 0x00, 0x00, 0x00, 0x00, 0x00, 0x00, 0x01, 0x01, 0xfe, 0x80, 0x3f,
    0x00, 0xe0, 0xfc, 0x7f, 0xfc, 0xff, 0xe3, 0xff, 0x7f, 0x7c, 0x80, 0x03, 0x00, 0x00, 0x00, 0x00,
    0x00, 0x00, 0x00, 0x00, 0x00, 0x00, 0x00, 0x00, 0x00, 0x00, 0x00, 0x00, 0x00, 0x01, 0x01, 0xfe,
    0x80, 0x3f, 0x00, 0x40, 0xe0, 0x7f, 0x0c, 0x00, 0xe3, 0xff, 0x7f, 0x0c, 0x00, 0x01, 0x00, 0x00,
    0x00, 0x00, 0x00, 0x00, 0x00, 0x00, 0x00, 0x00, 0x00, 0x00, 0x00, 0x00, 0x00, 0x00, 0x00, 0x01,
    0x01, 0xfe, 0x80, 0x3f, 0x00, 0x00, 0x00, 0x00, 0x00, 0x00, 0x00, 0x00, 0x00, 0x00, 0x00, 0x00,
    0x00, 0x00, 0x00, 0x00, 0x00, 0x00, 0x00, 0x00, 0x00, 0x00, 0x00, 0x00, 0x00, 0x00, 0x00, 0x00,
    0x00, 0x01, 0x01, 0xfe, 0x80, 0x3f, 0x00, 0x00, 0x00, 0x00, 0x00, 0x00, 0x00, 0x00, 0x00, 0x00,
    0x00, 0x00, 0x00, 0x00, 0x00, 0x00, 0x00, 0x00, 0x00, 0x00, 0x00, 0x00, 0x00, 0x00, 0x00, 0x00,
    0x00, 0x00, 0x00, 0x01, 0x01, 0xfc, 0x80, 0x1f, 0x00, 0x00, 0x00, 0x00, 0x00, 0x00, 0x00, 0x00,
    0x00, 0x00, 0x00, 0x00, 0x00, 0x00, 0x00, 0x00, 0x00, 0x00, 0x00, 0x00, 0x00, 0x00, 0x00, 0x00,
    0x00, 0x00, 0x00, 0x00, 0x00, 0x01, 0x01, 0x00, 0x00, 0x00, 0x00, 0x00, 0x00, 0x00, 0x00, 0x00,
    0x00, 0x00, 0x00, 0x00, 0x00, 0x00, 0x00, 0x00, 0x00, 0x00, 0x00, 0x00, 0x00, 0x00, 0x00, 0x00,
    0x00, 0x00, 0x00, 0x00, 0x00, 0x00, 0x00, 0x01, 0x01, 0x00, 0x00, 0x00, 0x00, 0x00, 0x00, 0x00,
    0x00, 0x00, 0x00, 0x00, 0x00, 0x00, 0x00, 0x00, 0x00, 0x00, 0x00, 0x00, 0x00, 0x00, 0x00, 0x00,
    0x00, 0x00, 0x00, 0x00, 0x00, 0x00, 0x00, 0x00, 0x00, 0x01, 0x01, 0x00, 0x00, 0x00, 0x00, 0x00,
    0x00, 0x00, 0x00, 0x00, 0x00, 0x00, 0x00, 0x00, 0x00, 0x00, 0x00, 0x00, 0x00, 0x00, 0x00, 0x00,
    0x00, 0x00, 0x00, 0x00, 0x00, 0x00, 0x00, 0x00, 0x00, 0x00, 0x00, 0x01, 0x01, 0x00, 0x00, 0x00,
    0x00, 0x00, 0x00, 0x00, 0x00, 0x00, 0x00, 0x00, 0x00, 0x00, 0x00, 0x00, 0x00, 0x00, 0x00, 0x00,
    0x00, 0x00, 0x00, 0x00, 0x00, 0x00, 0x00, 0x00, 0x00, 0x00, 0x00, 0x00, 0x00, 0x01, 0x01, 0x00,
    0x00, 0x00, 0x00, 0x00, 0x00, 0x00, 0x00, 0x00, 0x00, 0x00, 0x00, 0x00, 0x00, 0x00, 0x00, 0x00,
    0x00, 0x00, 0x00, 0x00, 0x00, 0x00, 0x00, 0x00, 0x00, 0x00, 0x00, 0x00, 0x00, 0x00, 0x00, 0x01,
    0xc1, 0xff, 0xff, 0xff, 0xff, 0xff, 0xff, 0xff, 0xff, 0xff, 0xff, 0xff, 0xff, 0xff, 0xff, 0xff,
    0xff, 0xff, 0xff, 0xff, 0xff, 0xff, 0xff, 0xff, 0xff, 0xff, 0xff, 0xff, 0xff, 0xff, 0xff, 0xff,
    0x01, 0x01, 0x01, 0x00, 0x00, 0x00, 0x00, 0x00, 0x00, 0x00, 0x00, 0x00, 0x00, 0x00, 0x00, 0x00,
    0x00, 0x00, 0x00, 0x00, 0x00, 0x00, 0x00, 0x00, 0x00, 0x00, 0x00, 0x00, 0x00, 0x00, 0x00, 0x00,
    0x00, 0x00, 0x00, 0x01, 0x01, 0x00, 0x00, 0x00, 0x00, 0x00, 0x00, 0x00, 0x00, 0x00, 0x00, 0x00,
    0x00, 0x00, 0x00, 0x00, 0x00, 0x00, 0x00, 0x00, 0x00, 0x00, 0x00, 0x00, 0x00, 0x00, 0x00, 0x00,
    0x00, 0x00, 0x00, 0x00, 0x00, 0x01, 0x01, 0x00, 0x00, 0x00, 0x00, 0x00, 0x00, 0x00, 0x00, 0x00,
    0x00, 0x00, 0x00, 0x00, 0x00, 0x00, 0x00, 0x00, 0x00, 0x00, 0x00, 0x00, 0x00, 0x00, 0x00, 0x00,
    0x00, 0x00, 0x00, 0x00, 0x00, 0x00, 0x00, 0x01, 0x01, 0x00, 0x00, 0x00, 0x00, 0x00, 0x00, 0x00,
    0x00, 0x00, 0x00, 0x00, 0x00, 0x00, 0x00, 0x00, 0x00, 0x00, 0x00, 0x00, 0x00, 0x00, 0x00, 0x00,
    0x00, 0x00, 0x00, 0x00, 0x00, 0x00, 0x00, 0x00, 0x00, 0x01, 0x01, 0x00, 0x00, 0x00, 0x00, 0x00,
    0x00, 0x00, 0x00, 0x00, 0x00, 0x00, 0x00, 0x00, 0x00, 0x00, 0x00, 0x00, 0x00, 0x00, 0x00, 0x00,
    0x00, 0x00, 0x00, 0x00, 0x00, 0x00, 0x00, 0x00, 0x00, 0x00, 0x00, 0x01, 0x01, 0x00, 0x00, 0x00,
    0x00, 0x00, 0x00, 0x00, 0x00, 0x00, 0x00, 0x00, 0x00, 0x00, 0x00, 0x00, 0x00, 0x00, 0x00, 0x00,
    0x00, 0x00, 0x00, 0x00, 0x00, 0x00, 0x00, 0x00, 0x00, 0x00, 0x00, 0x00, 0x00, 0x01, 0x01, 0x00,
    0x00, 0x00, 0x00, 0x00, 0x00, 0x00, 0x00, 0x00, 0x00, 0x00, 0x00, 0x00, 0x00, 0x00, 0x00, 0x00,
    0x00, 0x00, 0x00, 0x00, 0x00, 0x00, 0x00, 0x00, 0x00, 0x00, 0x00, 0x00, 0x00, 0x00, 0x00, 0x01,
    0x01, 0x00, 0x00, 0x00, 0x00, 0x00, 0x00, 0x00, 0x00, 0x00, 0x00, 0x00, 0x00, 0x00, 0x00, 0x00,
    0x00, 0x00, 0x00, 0x00, 0x00, 0x00, 0x00, 0x00, 0x00, 0x00, 0x00, 0x00, 0x00, 0x00, 0x00, 0x00,
    0x00, 0x01, 0x01, 0x00, 0x00, 0x00, 0x00, 0x00, 0x00, 0x00, 0x00, 0x00, 0x00, 0x00, 0x00, 0x00,
    0x00, 0x00, 0x00, 0x00, 0x00, 0x00, 0x00, 0x00, 0x00, 0x00, 0x00, 0x00, 0x00, 0x00, 0x00, 0x00,
    0x00, 0x00, 0x00, 0x01, 0x01, 0x00, 0x00, 0x00, 0x00, 0x00, 0x00, 0x00, 0x00, 0x00, 0x00, 0x00,
    0x00, 0x00, 0x00, 0x00, 0x00, 0x00, 0x00, 0x00, 0x00, 0x00, 0x00, 0x00, 0x00, 0x00, 0x00, 0x30,
    0x00, 0x00, 0x00, 0x00, 0x00, 0x01, 0x01, 0x00, 0x00, 0x00, 0x00, 0x00, 0x00, 0x00, 0x00, 0x00,
    0x00, 0x00, 0x00, 0x00, 0x00, 0x00, 0x00, 0x00, 0x00, 0x00, 0x00, 0x00, 0x00, 0x00, 0x00, 0x00,
    0x00, 0x7c, 0x00, 0x00, 0x00, 0x00, 0x00, 0x01, 0x01, 0x00, 0x00, 0x00, 0x00, 0x00, 0x00, 0x00,
    0x00, 0x00, 0x00, 0x00, 0x00, 0x00, 0x00, 0x00, 0x00, 0x00, 0x00, 0x00, 0x00, 0x00, 0x00, 0x00,
    0x00, 0x00, 0x00, 0xfe, 0x00, 0x00, 0x00, 0x00, 0x00, 0x01, 0x01, 0x00, 0x00, 0x00, 0x00, 0x00,
    0x00, 0x00, 0x00, 0x00, 0x00, 0x00, 0x00, 0x00, 0x00, 0x00, 0x00, 0x00, 0x00, 0x00, 0x00, 0x00,
    0x00, 0x00, 0x00, 0x00, 0x00, 0xff, 0x01, 0x00, 0x00, 0x00, 0x00, 0x01, 0x01, 0x00, 0x00, 0x00,
    0xfc, 0x03, 0x00, 0x00, 0x01, 0x0c, 0x00, 0x00, 0x00, 0x00, 0x00, 0x00, 0x00, 0x00, 0x00, 0x00,
    0x00, 0x00, 0x00, 0x00, 0x00, 0x00, 0x80, 0xff, 0x87, 0x07, 0x00, 0x00, 0x00, 0x01, 0x01, 0x00,
    0x00, 0x00, 0xfe, 0x07, 0xff, 0x0f, 0xf3, 0x0f, 0x00, 0x00, 0x30, 0x80, 0xff, 0x1f, 0x00, 0x00,
    0x00, 0x00, 0x00, 0x00, 0x00, 0x00, 0x00, 0x00, 0xe0, 0xef, 0xcf, 0x0f, 0x00, 0x00, 0x00, 0x01,
    0x01, 0x00, 0x00, 0x00, 0x06, 0x06, 0x60, 0x00, 0x32, 0x00, 0xff, 0x0f, 0x30, 0x00, 0x60, 0x00,
    0x0f, 0x00, 0x00, 0x00, 0x00, 0x00, 0x00, 0x00, 0x00, 0x00, 0xf0, 0x83, 0xdf, 0x0f, 0x00, 0x00,
    0x00, 0x01, 0x01, 0x00, 0x00, 0x00, 0xfe, 0x07, 0x30, 0x00, 0x30, 0x00, 0x01, 0x08, 0x60, 0x00,
    0x60, 0x80, 0x19, 0x00, 0x00, 0x00, 0x00, 0x00, 0x00, 0x00, 0x00, 0x00, 0xf8, 0x01, 0xff, 0x0f,
    0x00, 0x00, 0x00, 0x01, 0x01, 0x00, 0x00, 0x00, 0x06, 0x06, 0x38, 0x03, 0xf0, 0x0f, 0x01, 0x08,
    0xff, 0x0f, 0xfe, 0x87, 0x18, 0x00, 0x00, 0x00, 0x00, 0x00, 0x00, 0x00, 0x00, 0x00, 0xfc, 0x10,
    0xfe, 0x0f, 0x00, 0x00, 0x00, 0x01, 0x01, 0x00, 0x00, 0x00, 0xfe, 0x07, 0x2e, 0x8e, 0x33, 0x0c,
    0xf9, 0x09, 0xff, 0x0f, 0x06, 0x06, 0x18, 0x00, 0x00, 0x00, 0x00, 0x00, 0x00, 0x00, 0x00, 0x00,
    0x7f, 0x7c, 0xfc, 0x0f, 0x00, 0x00, 0x00, 0x01, 0x01, 0x00, 0x00, 0x00, 0x00, 0x80, 0x23, 0x9c,
    0xb3, 0x04, 0x99, 0x09, 0x60, 0x00, 0x26, 0x04, 0x0c, 0x00, 0x00, 0x00, 0x00, 0x00, 0x00, 0x00,
    0x00, 0x80, 0x1f, 0xfe, 0xf0, 0x0f, 0x00, 0x00, 0x00, 0x01, 0x01, 0x00, 0x00, 0x80, 0xff, 0x9f,
    0x20, 0x00, 0xb2, 0x07, 0x89, 0x09, 0x60, 0x00, 0x66, 0x04, 0x06, 0x00, 0x00, 0x00, 0x00, 0x00,
    0x00, 0x00, 0x00, 0xc0, 0x0f, 0xff, 0xe1, 0x0f, 0x00, 0x00, 0x00, 0x01, 0x01, 0x00, 0x00, 0x00,
    0x60, 0x00, 0xfe, 0x07, 0x12, 0x07, 0x89, 0x09, 0xfe, 0x07, 0x26, 0x04, 0x06, 0x00, 0x00, 0x00,
    0x00, 0x00, 0x00, 0x00, 0x00, 0xe0, 0x87, 0xff, 0xc3, 0x1f, 0x00, 0x00, 0x00, 0x01, 0x01, 0x00,
    0x00, 0x00, 0x64, 0x00, 0x06, 0x06, 0x12, 0x07, 0xf9, 0x09, 0xfe, 0x07, 0x26, 0x04, 0x00, 0x00,
    0x00, 0x00, 0x00, 0x00, 0x00, 0x00, 0x00, 0xf8, 0xe3, 0xff, 0x8f, 0x3f, 0x00, 0x00, 0x00, 0x01,
    0x01, 0x00, 0x00, 0x00, 0xe6, 0x0f, 0x02, 0x04, 0x9a, 0x0d, 0xf9, 0x09, 0x60, 0x00, 0x36, 0x04,
    0x00, 0x00, 0x00, 0x00, 0x00, 0x00, 0x00, 0x00, 0x00, 0xfc, 0xf1, 0xff, 0x1f, 0x7e, 0x00, 0x00,
    0x00, 0x01, 0x01, 0x00, 0x00, 0x00, 0x6e, 0x00, 0x02, 0x04, 0xca, 0x08, 0x01, 0x08, 0x60, 0x00,
    0x90, 0x01, 0x02, 0x00, 0x00, 0x00, 0x00, 0x00, 0x00, 0x00, 0x00, 0x7e, 0xf8, 0xff, 0x3f, 0xfc,
    0x01, 0x00, 0x00, 0x01, 0x01, 0x00, 0x00, 0x00, 0x7b, 0x00, 0xfe, 0x07, 0x0f, 0x00, 0x01, 0x08,
    0x60, 0x00, 0x0c, 0x07, 0x02, 0x00, 0x00, 0x00, 0x00, 0x00, 0x00, 0x00, 0x00, 0x3f, 0xfc, 0xff,
    0x7f, 0xf8, 0x03, 0x00, 0x00, 0x01, 0x01, 0x00, 0x00, 0x80, 0xe1, 0x1f, 0x06, 0x86, 0xf9, 0x1f,
    0xff, 0x8f, 0x61, 0x90, 0x07, 0x0c, 0x00, 0x00, 0x00, 0x00, 0x00, 0x00, 0x00, 0x00, 0x80, 0x1f,
    0xff, 0xff, 0xff, 0xf1, 0x03, 0x00, 0x00, 0x01, 0x01, 0x00, 0x00, 0x00, 0x00, 0x00, 0x02, 0x04,
    0x80, 0x1f, 0x01, 0x88, 0xff, 0x1f, 0x01, 0x00, 0x00, 0x00, 0x00, 0x00, 0x00, 0x00, 0x00, 0x00,
    0x00, 0x8f, 0xff, 0xff, 0xff, 0xc3, 0x01, 0x00, 0x00, 0x01, 0x01, 0x00, 0x00, 0x00, 0x00, 0x00,
    0x00, 0x00, 0x00, 0x00, 0x00, 0x00, 0x00, 0x00, 0x00, 0x00, 0x00, 0x00, 0x00, 0x00, 0x00, 0x00,
    0x00, 0x00, 0x00, 0xc2, 0xff, 0xff, 0xff, 0x87, 0x00, 0x00, 0x00, 0x01, 0x01, 0x00, 0x00, 0x00,
    0x00, 0x00, 0x00, 0x00, 0x00, 0x00, 0x00, 0x00, 0x00, 0x00, 0x00, 0x00, 0x00, 0x00, 0x00, 0x00,
    0x00, 0x00, 0x00, 0x00, 0x00, 0xe0, 0xff, 0xff, 0xff, 0x0f, 0x00, 0x00, 0x00, 0x01, 0x01, 0x00,
    0x00, 0x00, 0x00, 0x00, 0x00, 0x00, 0x00, 0x00, 0x00, 0x00, 0x00, 0x00, 0x00, 0x00, 0x00, 0x00,
    0x00, 0x00, 0x00, 0x00, 0x00, 0x00, 0x00, 0xe0, 0xff, 0xff, 0xff, 0x1f, 0x00, 0x00, 0x00, 0x01,
    0x01, 0x00, 0x00, 0x00, 0x00, 0x00, 0x00, 0x00, 0x00, 0x00, 0x00, 0x00, 0x00, 0x00, 0x00, 0x00,
    0x00, 0x00, 0x00, 0x00, 0x00, 0x00, 0x00, 0x00, 0x00, 0xe0, 0xff, 0xff, 0xff, 0x1f, 0x00, 0x00,
    0x00, 0x01, 0x01, 0x00, 0x00, 0x00, 0x00, 0x00, 0x00, 0x00, 0x00, 0x00, 0x00, 0x00, 0x00, 0x00,
    0x00, 0x00, 0x00, 0x00, 0x00, 0x00, 0x00, 0x00, 0x00, 0x00, 0x00, 0xe0, 0xff, 0xff, 0xff, 0x1f,
    0x00, 0x00, 0x00, 0x01, 0x01, 0x00, 0x00, 0x00, 0x00, 0x00, 0x00, 0x00, 0x00, 0x00, 0x00, 0x00,
    0x00, 0x00, 0x00, 0x00, 0x00, 0x00, 0x00, 0x00, 0x00, 0x00, 0x00, 0x00, 0x00, 0xe0, 0xff, 0xff,
    0xff, 0x1f, 0x00, 0x00, 0x00, 0x01, 0x01, 0x00, 0x00, 0x00, 0x00, 0x00, 0x00, 0x00, 0x00, 0x00,
    0x00, 0x00, 0x00, 0x00, 0x00, 0x00, 0x00, 0x00, 0x00, 0x00, 0x00, 0x00, 0x00, 0x00, 0x00, 0xe0,
    0xff, 0xff, 0xff, 0x1f, 0x00, 0x00, 0x00, 0x01, 0x01, 0x00, 0x00, 0x00, 0x00, 0x00, 0x00, 0x00,
    0x00, 0x00, 0x00, 0x00, 0x00, 0x00, 0x00, 0x00, 0x00, 0x00, 0x00, 0x00, 0x00, 0x00, 0x00, 0x00,
    0x00, 0xe0, 0xff, 0xff, 0xff, 0x1f, 0x00, 0x00, 0x00, 0x01, 0x01, 0x00, 0x00, 0x00, 0x00, 0x00,
    0x00, 0x00, 0x00, 0x00, 0x00, 0x00, 0x00, 0x00, 0x00, 0x00, 0x00, 0x00, 0x00, 0x00, 0x00, 0x00,
    0x00, 0x00, 0x00, 0xe0, 0xff, 0x00, 0xfc, 0x1f, 0x00, 0x00, 0x00, 0x01, 0x01, 0x00, 0x00, 0x00,
    0x00, 0x00, 0x00, 0x00, 0x00, 0x00, 0x00, 0x00, 0x00, 0x00, 0x00, 0x00, 0x00, 0x00, 0x00, 0x00,
    0x00, 0x00, 0x00, 0x00, 0x00, 0xe0, 0x7f, 0x00, 0xfc, 0x1f, 0x00, 0x00, 0x00, 0x01, 0x01, 0x00,
    0x00, 0x00, 0x00, 0x00, 0x00, 0x00, 0x00, 0x00, 0x00, 0x00, 0x00, 0x00, 0x00, 0x00, 0x00, 0x00,
    0x00, 0x00, 0x00, 0x00, 0x00, 0x00, 0x00, 0xe0, 0x7f, 0x00, 0xfc, 0x1f, 0x00, 0x00, 0x00, 0x01,
    0x01, 0x00, 0x00, 0x00, 0x00, 0x00, 0x00, 0x00, 0x00, 0x00, 0x00, 0x00, 0x00, 0x00, 0x00, 0x00,
    0x00, 0x00, 0x00, 0x00, 0x00, 0x00, 0x00, 0x00, 0x00, 0xe0, 0x7f, 0x00, 0xfc, 0x1f, 0x00, 0x00,
    0x00, 0x01, 0x01, 0x00, 0x00, 0x00, 0x00, 0x00, 0x00, 0x00, 0x00, 0x00, 0x00, 0x00, 0x00, 0x00,
    0x00, 0x00, 0x00, 0x00, 0x00, 0x00, 0x00, 0x00, 0x00, 0x00, 0x00, 0xe0, 0x7f, 0x00, 0xfc, 0x1f,
    0x00, 0x00, 0x00, 0x01, 0x01, 0x00, 0x00, 0x00, 0x00, 0x00, 0x00, 0x00, 0x00, 0x00, 0x00, 0x00,
    0x00, 0x00, 0x00, 0x00, 0x00, 0x00, 0x00, 0x00, 0x00, 0x00, 0x00, 0x00, 0x00, 0xe0, 0x7f, 0x00,
    0xfc, 0x1f, 0x00, 0x00, 0x00, 0x01, 0x01, 0x00, 0x00, 0x00, 0x00, 0x00, 0x00, 0x00, 0x00, 0x00,
    0x00, 0x00, 0x00, 0x00, 0x00, 0x00, 0x00, 0x00, 0x00, 0x00, 0x00, 0x00, 0x00, 0x00, 0x00, 0xe0,
    0x7f, 0x00, 0xfc, 0x1f, 0x00, 0x00, 0x00, 0x01, 0x01, 0x00, 0x00, 0x00, 0x00, 0x00, 0x00, 0x00,
    0x00, 0x00, 0x00, 0x00, 0x00, 0x00, 0x00, 0x00, 0x00, 0x00, 0x00, 0x00, 0x00, 0x00, 0x00, 0x00,
    0x00, 0xe0, 0x7f, 0x00, 0xfc, 0x1f, 0x00, 0x00, 0x00, 0x01, 0x01, 0x00, 0x00, 0x00, 0x00, 0x00,
    0x00, 0x00, 0x00, 0x00, 0x00, 0x00, 0x00, 0x00, 0x00, 0x00, 0x00, 0x00, 0x00, 0x00, 0x00, 0x00,
    0x00, 0x00, 0x00, 0xe0, 0x7f, 0x00, 0xfc, 0x1f, 0x00, 0x00, 0x00, 0x01, 0x01, 0x00, 0x00, 0x00,
    0x00, 0x00, 0x00, 0x00, 0x00, 0x00, 0x00, 0x00, 0x00, 0x00, 0x00, 0x00, 0x00, 0x00, 0x00, 0x00,
    0x00, 0x00, 0x00, 0x00, 0x00, 0xe0, 0x7f, 0x00, 0xfc, 0x1f, 0x00, 0x00, 0x00, 0x01, 0x01, 0x00,
    0x00, 0x00, 0x00, 0x00, 0x00, 0x00, 0x00, 0x00, 0x00, 0x00, 0x00, 0x00, 0x00, 0x00, 0x00, 0x00,
    0x00, 0x00, 0x00, 0x00, 0x00, 0x00, 0x00, 0xe0, 0x7f, 0x00, 0xfc, 0x1f, 0x00, 0x00, 0x00, 0x01,
    0x01, 0x00, 0x00, 0x00, 0x00, 0x00, 0x00, 0x00, 0x00, 0x00, 0x00, 0x00, 0x00, 0x00, 0x00, 0x00,
    0x00, 0x00, 0x00, 0x00, 0x00, 0x00, 0x00, 0x00, 0x00, 0xe0, 0x7f, 0x00, 0xfc, 0x1f, 0x00, 0x00,
    0x00, 0x01, 0x01, 0x00, 0x00, 0x00, 0x00, 0x00, 0x00, 0x00, 0x00, 0x00, 0x00, 0x00, 0x00, 0x00,
    0x00, 0x00, 0x00, 0x00, 0x00, 0x00, 0x00, 0x00, 0x00, 0x00, 0x00, 0x00, 0x00, 0x00, 0x00, 0x00,
    0x00, 0x00, 0x00, 0x01, 0x01, 0x00, 0x00, 0x00, 0x00, 0x00, 0x00, 0x00, 0x00, 0x00, 0x00, 0x00,
    0x00, 0x00, 0x00, 0x00, 0x00, 0x00, 0x00, 0x00, 0x00, 0x00, 0x00, 0x00, 0x00, 0x00, 0x00, 0x00,
    0x00, 0x00, 0x00, 0x00, 0x00, 0x01, 0x01, 0x00, 0x00, 0x00, 0x00, 0x00, 0x00, 0x00, 0x00, 0x00,
    0x00, 0x00, 0x00, 0x00, 0x00, 0x00, 0x00, 0x00, 0x00, 0x00, 0x00, 0x00, 0x00, 0x00, 0x00, 0x00,
    0x00, 0x00, 0x00, 0x00, 0x00, 0x00, 0x00, 0x01, 0x01, 0x00, 0x00, 0x00, 0x00, 0x00, 0x00, 0x00,
    0x00, 0x00, 0x00, 0x00, 0x00, 0x00, 0x00, 0x00, 0x00, 0x00, 0x00, 0x00, 0x00, 0x00, 0x00, 0x00,
    0x00, 0x00, 0x00, 0x00, 0x00, 0x00, 0x00, 0x00, 0x00, 0x01, 0x01, 0x00, 0x00, 0x00, 0x00, 0x00,
    0x00, 0x00, 0x00, 0x00, 0x00, 0x00, 0x00, 0x00, 0x00, 0x00, 0x00, 0x00, 0x00, 0x00, 0x00, 0x00,
    0x00, 0x00, 0x00, 0x00, 0x00, 0x00, 0x00, 0x00, 0x00, 0x00, 0x00, 0x01, 0x01, 0x00, 0x00, 0x00,
    0x00, 0x00, 0x00, 0x00, 0x00, 0x00, 0x00, 0x00, 0x00, 0x00, 0x00, 0x00, 0x00, 0x00, 0x00, 0x00,
    0x00, 0x00, 0x00, 0x00, 0x00, 0x00, 0x00, 0x00, 0x00, 0x00, 0x00, 0x00, 0x00, 0x01, 0x01, 0x00,
    0x00, 0x00, 0x00, 0x00, 0x00, 0x00, 0x00, 0x00, 0x00, 0x00, 0x00, 0x00, 0x00, 0x00, 0x00, 0x00,
    0x00, 0x00, 0x00, 0x00, 0x00, 0x00, 0x00, 0x00, 0x00, 0x00, 0x00, 0x00, 0x00, 0x00, 0x00, 0x01,
    0x01, 0x00, 0x00, 0x00, 0x00, 0x00, 0x00, 0x00, 0x00, 0x00, 0x00, 0x00, 0x00, 0x00, 0x00, 0x00,
    0x00, 0x00, 0x00, 0x00, 0x00, 0x00, 0x00, 0x00, 0x00, 0x00, 0x00, 0x00, 0x00, 0x00, 0x00, 0x00,
    0x00, 0x01, 0x01, 0x00, 0x00, 0x00, 0x00, 0x00, 0x00, 0x00, 0x00, 0x00, 0x00, 0x00, 0x00, 0x00,
    0x00, 0x00, 0x00, 0x00, 0x00, 0x00, 0x00, 0x00, 0x00, 0x00, 0x00, 0x00, 0x00, 0x00, 0x00, 0x00,
    0x00, 0x00, 0x00, 0x01, 0x01, 0x00, 0x00, 0x00, 0x00, 0x00, 0x00, 0x00, 0x00, 0x00, 0x00, 0x00,
    0x00, 0x00, 0x00, 0x00, 0x00, 0x00, 0x00, 0x00, 0x00, 0x00, 0x00, 0x00, 0x00, 0x00, 0x00, 0x00,
    0x00, 0x00, 0x00, 0x00, 0x00, 0x01, 0x01, 0x00, 0x00, 0x00, 0x00, 0x00, 0x00, 0x00, 0x00, 0x00,
    0x00, 0x00, 0x00, 0x00, 0x00, 0x00, 0x00, 0x00, 0x00, 0x00, 0x00, 0x00, 0x00, 0x00, 0x00, 0x00,
    0x00, 0x00, 0x00, 0x00, 0x00, 0x00, 0x00, 0x01, 0x01, 0x00, 0x00, 0x00, 0x00, 0x00, 0x00, 0x00,
    0x00, 0x00, 0x00, 0x00, 0x00, 0x00, 0x00, 0x00, 0x00, 0x00, 0x00, 0x00, 0x00, 0x00, 0x00, 0x00,
    0x00, 0x00, 0x00, 0x00, 0x00, 0x00, 0x00, 0x00, 0x00, 0x01, 0x01, 0x00, 0x00, 0x00, 0x00, 0x00,
    0x00, 0x00, 0x00, 0x00, 0x00, 0x00, 0x00, 0x00, 0x00, 0x00, 0x00, 0x00, 0x00, 0x00, 0x00, 0x00,
    0x00, 0x00, 0x00, 0x00, 0x00, 0x00, 0x00, 0x00, 0x00, 0x00, 0x00, 0x01, 0x01, 0x00, 0x00, 0x00,
    0x00, 0x00, 0x00, 0x00, 0x00, 0x00, 0x00, 0x00, 0x00, 0x00, 0x00, 0x00, 0x00, 0x00, 0x00, 0x00,
    0x00, 0x00, 0x00, 0x00, 0x00, 0x00, 0x00, 0x00, 0x00, 0x00, 0x00, 0x00, 0x00, 0x01, 0x01, 0x00,
    0x00, 0x00, 0x00, 0x00, 0x00, 0x00, 0x00, 0x00, 0x00, 0x00, 0x00, 0x00, 0x00, 0x00, 0x00, 0x00,
    0x00, 0x00, 0x00, 0x00, 0x00, 0x00, 0x00, 0x00, 0x00, 0x00, 0x00, 0x00, 0x00, 0x00, 0x00, 0x01,
    0x01, 0x00, 0x00, 0x00, 0x00, 0x00, 0x00, 0x00, 0x00, 0x00, 0x00, 0x00, 0x00, 0x00, 0x00, 0x00,
    0x00, 0x00, 0x00, 0x00, 0x00, 0x00, 0x00, 0x00, 0x00, 0x00, 0x00, 0x00, 0x00, 0x00, 0x00, 0x00,
    0x00, 0x01, 0x01, 0x00, 0x00, 0x00, 0x00, 0x00, 0x00, 0x00, 0x00, 0x00, 0x00, 0x00, 0x00, 0x00,
    0x00, 0x00, 0x00, 0x00, 0x00, 0x00, 0x00, 0x00, 0x00, 0x00, 0x00, 0x00, 0x00, 0x00, 0x00, 0x00,
    0x00, 0x00, 0x00, 0x01, 0x01, 0x00, 0x00, 0x00, 0x00, 0x00, 0x00, 0x00, 0x00, 0x00, 0x00, 0x00,
    0x00, 0x00, 0x00, 0x00, 0x00, 0x00, 0x00, 0x00, 0x00, 0x00, 0x00, 0x00, 0x00, 0x00, 0x00, 0x00,
    0x00, 0x00, 0x00, 0x00, 0x00, 0x01, 0x01, 0xf0, 0xff, 0xff, 0xff, 0xff, 0xff, 0xff, 0xff, 0xff,
    0xff, 0xff, 0xff, 0xff, 0xff, 0xff, 0xff, 0xff, 0xff, 0xff, 0xff, 0xff, 0xff, 0xff, 0xff, 0xff,
    0xff, 0xff, 0xff, 0xff, 0xff, 0x1f, 0x00, 0x01, 0x01, 0x00, 0x00, 0x00, 0x00, 0x00, 0x00, 0x00,
    0x00, 0x00, 0x00, 0x00, 0x00, 0x00, 0x00, 0x00, 0x00, 0x00, 0x00, 0x00, 0x00, 0x00, 0x00, 0x00,
    0x00, 0x00, 0x00, 0x00, 0x00, 0x00, 0x00, 0x00, 0x00, 0x01, 0x01, 0x00, 0x00, 0x00, 0x00, 0x00,
    0x00, 0x00, 0x00, 0x00, 0x00, 0x00, 0x00, 0x00, 0x00, 0x00, 0x00, 0x00, 0x00, 0x00, 0x00, 0x00,
    0x00, 0x00, 0x00, 0x00, 0x00, 0x00, 0x00, 0x00, 0x00, 0x00, 0x00, 0x01, 0x01, 0x00, 0x00, 0x00,
    0x00, 0x00, 0x00, 0x00, 0x00, 0x00, 0x00, 0x00, 0x00, 0x00, 0x00, 0x00, 0x00, 0x00, 0x00, 0x00,
    0x00, 0x00, 0x00, 0x00, 0x00, 0x00, 0x00, 0x00, 0x00, 0x00, 0x00, 0x00, 0x00, 0x01, 0x01, 0x00,
    0x00, 0x00, 0x00, 0x00, 0x00, 0x00, 0x00, 0x00, 0x00, 0x00, 0x00, 0x00, 0x00, 0x00, 0x00, 0x00,
    0x00, 0x00, 0x00, 0x00, 0x00, 0x00, 0x00, 0x00, 0x00, 0x00, 0x00, 0x00, 0x00, 0x00, 0x00, 0x01,
    0x01, 0x00, 0x00, 0x00, 0x00, 0x00, 0x00, 0x00, 0x00, 0x00, 0x00, 0x00, 0x00, 0x00, 0x00, 0x00,
    0x00, 0x00, 0x00, 0x00, 0x00, 0x00, 0x00, 0x00, 0x00, 0x00, 0x00, 0x00, 0x00, 0x00, 0x00, 0x00,
    0x00, 0x01, 0x01, 0x00, 0x00, 0x00, 0x00, 0x00, 0x00, 0x00, 0x00, 0x00, 0x00, 0x00, 0x00, 0x00,
    0x00, 0x00, 0x00, 0x00, 0x00, 0x00, 0x00, 0x00, 0x00, 0x00, 0x00, 0x00, 0x00, 0x00, 0x00, 0x00,
    0x00, 0x00, 0x00, 0x01, 0x01, 0x00, 0x00, 0x00, 0x00, 0x00, 0x00, 0x00, 0x00, 0x00, 0x00, 0x00,
    0x00, 0x00, 0x00, 0x00, 0x00, 0x00, 0x00, 0x00, 0x00, 0x00, 0x00, 0x00, 0x00, 0x00, 0x00, 0x00,
    0x00, 0x00, 0x00, 0x00, 0x00, 0x01, 0x01, 0x00, 0x00, 0x00, 0x00, 0x00, 0x00, 0x00, 0x00, 0x00,
    0x00, 0x00, 0x00, 0x00, 0x00, 0x00, 0x00, 0x00, 0x00, 0x00, 0x00, 0x00, 0x00, 0x00, 0x00, 0x00,
    0x00, 0x00, 0x00, 0x00, 0x00, 0x00, 0x00, 0x01, 0x01, 0x00, 0x00, 0x00, 0x00, 0x00, 0x00, 0x00,
    0x00, 0x00, 0x00, 0x00, 0x00, 0x00, 0x00, 0x00, 0x00, 0x00, 0x00, 0x00, 0x00, 0x00, 0x00, 0x00,
    0x00, 0x00, 0x00, 0x00, 0x00, 0x00, 0x00, 0x00, 0x00, 0x01, 0x01, 0x00, 0x00, 0x00, 0x00, 0x00,
    0x00, 0x00, 0x00, 0x00, 0x00, 0x00, 0x00, 0x00, 0x00, 0x00, 0x00, 0x00, 0x00, 0x00, 0x00, 0x00,
    0x00, 0x00, 0x00, 0x00, 0x00, 0x00, 0x00, 0x00, 0x00, 0x00, 0x00, 0x01, 0x01, 0x00, 0x00, 0x00,
    0x00, 0x00, 0x00, 0x00, 0x00, 0x00, 0x00, 0x00, 0x00, 0x00, 0x00, 0x00, 0x00, 0x00, 0x00, 0x00,
    0x00, 0x00, 0x00, 0x00, 0x00, 0x00, 0x00, 0x00, 0x00, 0x00, 0x00, 0x00, 0x00, 0x01, 0x01, 0x00,
    0x00, 0x00, 0x00, 0x00, 0x00, 0x40, 0xc0, 0x00, 0x00, 0x60, 0x00, 0x00, 0x03, 0x00, 0x00, 0x00,
    0x30, 0x00, 0x00, 0x30, 0x00, 0x00, 0x07, 0x00, 0x00, 0x80, 0x01, 0x00, 0x00, 0x00, 0x00, 0x01,
    0x01, 0x00, 0x00, 0x00, 0xfc, 0xff, 0x01, 0xe0, 0xe0, 0x00, 0x06, 0xe0, 0x00, 0x00, 0x07, 0x00,
    0x00, 0x00, 0x70, 0x00, 0x00, 0x78, 0x00, 0x00, 0x07, 0x00, 0x00, 0x9b, 0x19, 0x00, 0x00, 0x00,
    0x00, 0x01, 0x01, 0x00, 0x00, 0x00, 0xfe, 0xff, 0x01, 0xc0, 0x61, 0x00, 0xff, 0xfe, 0x1f, 0xfc,
    0xff, 0x01, 0x00, 0xc0, 0xff, 0x1f, 0x00, 0xfc, 0x00, 0x00, 0xc7, 0x7f, 0xc0, 0x9b, 0x19, 0x00,
    0x00, 0x00, 0x00, 0x01, 0x01, 0x00, 0x00, 0x00, 0x00, 0x00, 0x00, 0x00, 0x30, 0x00, 0x0c, 0x8f,
    0x1f, 0x0c, 0x83, 0x01, 0x00, 0xc0, 0x30, 0x18, 0x00, 0x8e, 0x03, 0xe0, 0xff, 0x71, 0xf8, 0xb1,
    0x0d, 0x00, 0x00, 0x00, 0x00, 0x01, 0x01, 0x00, 0x00, 0x00, 0x00, 0x00, 0x00, 0xfc, 0xff, 0x07,
    0x0c, 0x06, 0x00, 0x84, 0x03, 0x01, 0x00, 0x40, 0x38, 0x10, 0x80, 0x07, 0x0f, 0xe0, 0xdf, 0x60,
    0xf8, 0x81, 0x01, 0x00, 0x00, 0x00, 0x00, 0x01, 0x01, 0x00, 0x00, 0x00, 0x00, 0x00, 0x00, 0xfc,
    0x0e, 0x0f, 0x0c, 0x06, 0x00, 0x84, 0x01, 0x01, 0x00, 0x40, 0x18, 0x10, 0xe0, 0x03, 0x7e, 0x00,
    0xc7, 0x7f, 0xf0, 0xfd, 0x3f, 0x00, 0x00, 0x00, 0x00, 0x01, 0x01, 0x00, 0x00, 0x00, 0xf8, 0xff,
    0x00, 0x00, 0x06, 0x06, 0xfe, 0x06, 0x00, 0xe0, 0xff, 0x00, 0x00, 0x00, 0xfe, 0x0f, 0xf8, 0xff,
    0xff, 0x81, 0xcf, 0x7f, 0xc0, 0xc1, 0x01, 0x00, 0x00, 0x00, 0x00, 0x01, 0x01, 0x00, 0x00, 0x00,
    0xfc, 0xc0, 0x00, 0x00, 0x0b, 0x06, 0xcf, 0x06, 0x80, 0xff, 0xff, 0x1f, 0x00, 0xf8, 0xff, 0xff,
    0x39, 0x70, 0xf0, 0xc0, 0xdf, 0x70, 0xc0, 0x81, 0x01, 0x00, 0x00, 0x00, 0x00, 0x01, 0x01, 0x00,
    0x00, 0x00, 0x00, 0x00, 0x00, 0xc0, 0x1d, 0x87, 0xcf, 0x06, 0x80, 0x67, 0x18, 0x0f, 0x00, 0x78,
    0x86, 0xf1, 0x00, 0x70, 0x00, 0xf0, 0xf7, 0x71, 0xc0, 0xff, 0xff, 0x01, 0x00, 0x00, 0x00, 0x01,
    0x01, 0x00, 0x00, 0x00, 0x00, 0x00, 0x00, 0xf0, 0x38, 0x87, 0xfd, 0x06, 0x00, 0xe0, 0x0c, 0x00,
    0x00, 0x00, 0xce, 0x00, 0x00, 0xff, 0x07, 0x78, 0xc7, 0x7f, 0xc0, 0xc7, 0xf9, 0x01, 0x00, 0x00,
    0x00, 0x01, 0x01, 0x00, 0x00, 0x00, 0xff, 0xff, 0x00, 0x38, 0x00, 0x03, 0x78, 0x07, 0x00, 0xc0,
    0x0f, 0x00, 0x00, 0x00, 0xfc, 0x00, 0x00, 0x71, 0x00, 0x10, 0xc7, 0x70, 0xc0, 0x81, 0x01, 0x00,
    0x00, 0x00, 0x00, 0x01, 0x01, 0x00, 0x00, 0x80, 0xff, 0xff, 0x1f, 0x1f, 0x00, 0x03, 0x00, 0x03,
    0x00, 0x00, 0x0f, 0x00, 0x00, 0x00, 0xf0, 0x00, 0x00, 0x70, 0x00, 0x00, 0xc7, 0x70, 0xc0, 0x81,
    0x01, 0x00, 0x00, 0x00, 0x00, 0x01, 0x01, 0x00, 0x00, 0x80, 0x07, 0xf8, 0x9f, 0x0f, 0xce, 0x03,
    0x80, 0x03, 0x00, 0x80, 0x3f, 0x00, 0x00, 0x00, 0xf8, 0x03, 0xc0, 0xff, 0x1f, 0x00, 0xc7, 0x7f,
    0xc0, 0x81, 0x01, 0x00, 0x00, 0x00, 0x00, 0x01, 0x01, 0x00, 0x00, 0x00, 0x00, 0x00, 0x0f, 0x03,
    0xfc, 0x01, 0xc0, 0x01, 0x00, 0xfc, 0xf1, 0x01, 0x00, 0xc0, 0x1f, 0x1f, 0xc0, 0xff, 0x3f, 0x00,
    0x87, 0x20, 0xc0, 0x81, 0x01, 0x00, 0x00, 0x00, 0x00, 0x01, 0x01, 0x00, 0x00, 0x00, 0x00, 0x00,
    0x00, 0x00, 0x60, 0x00, 0x00, 0x00, 0x00, 0x38, 0x80, 0x00, 0x00, 0x80, 0x03, 0x08, 0x00, 0x00,
    0x00, 0x00, 0x02, 0x00, 0x80, 0x80, 0x01, 0x00, 0x00, 0x00, 0x00, 0x01, 0x01, 0x00, 0x00, 0x00,
    0x00, 0x00, 0x00, 0x00, 0x00, 0x00, 0x00, 0x00, 0x00, 0x00, 0x00, 0x00, 0x00, 0x00, 0x00, 0x00,
    0x00, 0x00, 0x00, 0x00, 0x00, 0x00, 0x00, 0x00, 0x00, 0x00, 0x00, 0x00, 0x00, 0x01, 0x01, 0x00,
    0x00, 0x00, 0x00, 0x00, 0x00, 0x00, 0x00, 0x00, 0x00, 0x00, 0x00, 0x00, 0x00, 0x00, 0x00, 0x00,
    0x00, 0x00, 0x00, 0x00, 0x00, 0x00, 0x00, 0x00, 0x00, 0x00, 0x00, 0x00, 0x00, 0x00, 0x00, 0x01,
    0x01, 0x00, 0x00, 0x00, 0x00, 0x00, 0x00, 0x00, 0x00, 0x00, 0x00, 0x00, 0x00, 0x00, 0x00, 0x00,
    0x00, 0x00, 0x00, 0x00, 0x00, 0x00, 0x00, 0x00, 0x00, 0x00, 0x00, 0x00, 0x00, 0x00, 0x00, 0x00,
    0x00, 0x01, 0x01, 0x00, 0x00, 0x00, 0x00, 0x00, 0x00, 0x00, 0x00, 0x00, 0x00, 0x00, 0x00, 0x00,
    0x00, 0x00, 0x00, 0x00, 0x00, 0x00, 0x00, 0x00, 0x00, 0x00, 0x00, 0x00, 0x00, 0x00, 0x00, 0x00,
    0x00, 0x00, 0x00, 0x01, 0x01, 0x00, 0x00, 0x00, 0x00, 0x00, 0x00, 0x00, 0x00, 0x00, 0x00, 0x00,
    0x00, 0x00, 0x00, 0x00, 0x00, 0x00, 0x00, 0x00, 0x00, 0x00, 0x00, 0x00, 0x00, 0x00, 0x00, 0x00,
    0x00, 0x00, 0x00, 0x00, 0x00, 0x01, 0x01, 0x00, 0x00, 0x00, 0x00, 0x00, 0x00, 0x00, 0x00, 0x00,
    0x00, 0x00, 0x00, 0x00, 0x00, 0x00, 0x00, 0x00, 0x00, 0x00, 0x00, 0x00, 0x00, 0x00, 0x00, 0x00,
    0x00, 0x00, 0x00, 0x00, 0x00, 0x00, 0x00, 0x01, 0x01, 0x00, 0x00, 0x00, 0x00, 0x00, 0x00, 0x00,
    0x00, 0x00, 0x00, 0x00, 0x00, 0x00, 0x00, 0x00, 0x00, 0x00, 0x00, 0x00, 0x00, 0x00, 0x00, 0x00,
    0x00, 0x00, 0x00, 0x00, 0x00, 0x00, 0x00, 0x00, 0x00, 0x01, 0x01, 0x00, 0x00, 0x00, 0x00, 0x00,
    0x00, 0x00, 0x00, 0x00, 0x00, 0x00, 0x00, 0x00, 0x00, 0x00, 0x00, 0x00, 0x00, 0x00, 0x00, 0x00,
    0x00, 0x00, 0x00, 0x00, 0x00, 0x00, 0x00, 0x00, 0x00, 0x00, 0x00, 0x01, 0x01, 0x00, 0x00, 0x00,
    0x00, 0x00, 0x00, 0x41, 0x00, 0x60, 0x00, 0x00, 0x38, 0x00, 0x00, 0x67, 0x00, 0x18, 0x00, 0x00,
    0x38, 0x00, 0x00, 0x00, 0x00, 0x1b, 0x00, 0x00, 0x00, 0x00, 0x00, 0x00, 0x00, 0x01, 0x01, 0x00,
    0x00, 0x00, 0x00, 0x00, 0x40, 0xf7, 0xe1, 0xf7, 0x01, 0x00, 0x7c, 0x00, 0xc0, 0xbb, 0xc0, 0xff,
    0x01, 0x00, 0x7c, 0x00, 0xe0, 0xff, 0x8f, 0xff, 0x00, 0x00, 0x00, 0x00, 0x00, 0x00, 0x00, 0x01,
    0x01, 0x00, 0x00, 0x00, 0x00, 0x00, 0x00, 0xf3, 0x81, 0xd9, 0x00, 0x00, 0xfe, 0x00, 0xc0, 0xf3,
    0x41, 0x00, 0x03, 0x00, 0xfe, 0x00, 0x00, 0xc0, 0xe4, 0xff, 0x07, 0x00, 0x00, 0x00, 0x00, 0x00,
    0x00, 0x01, 0x01, 0x00, 0x00, 0x00, 0x00, 0x00, 0xe0, 0xff, 0x87, 0xf8, 0x07, 0x00, 0xfe, 0x00,
    0xe0, 0xf9, 0x43, 0x7f, 0x01, 0x00, 0xfe, 0x00, 0x80, 0xdf, 0x30, 0xff, 0x06, 0x00, 0x00, 0x00,
    0x00, 0x00, 0x00, 0x01, 0x01, 0x00, 0x00, 0x00, 0x00, 0x00, 0x80, 0x93, 0xc7, 0xf7, 0x07, 0x00,
    0xfe, 0x00, 0x80, 0x1b, 0x01, 0x1a, 0x00, 0x00, 0xfe, 0x00, 0x80, 0xd9, 0x00, 0xc3, 0x00, 0x00,
    0x00, 0x00, 0x00, 0x00, 0x00, 0x01, 0x01, 0x00, 0x00, 0x00, 0x00, 0x00, 0xc0, 0xf7, 0xf1, 0xde,
    0x02, 0x00, 0xfe, 0x00, 0xc0, 0xf9, 0x01, 0x7a, 0x00, 0x00, 0xfe, 0x00, 0x80, 0xdf, 0x00, 0x7e,
    0x00, 0x00, 0x00, 0x00, 0x00, 0x00, 0x00, 0x01, 0x01, 0x00, 0x00, 0x00, 0x00, 0x00, 0x60, 0xf3,
    0x81, 0xff, 0x03, 0x00, 0xfe, 0x00, 0x70, 0x59, 0x01, 0x1f, 0x00, 0x00, 0xfe, 0x00, 0x00, 0xc1,
    0x80, 0xe7, 0x01, 0x00, 0x00, 0x00, 0x00, 0x00, 0x00, 0x01, 0x01, 0x00, 0x00, 0x00, 0x00, 0x00,
    0x00, 0xf1, 0x81, 0x4b, 0x02, 0x00, 0x7c, 0x00, 0x00, 0xe5, 0xc0, 0x79, 0x00, 0x00, 0x7c, 0x00,
    0x00, 0xc0, 0x80, 0xe7, 0x01, 0x00, 0x00, 0x00, 0x00, 0x00, 0x00, 0x01, 0x01, 0x00, 0x00, 0x00,
    0x00, 0x00, 0x00, 0x19, 0x01, 0x4c, 0x02, 0x00, 0x00, 0x00, 0x00, 0xc5, 0x67, 0xe0, 0x07, 0x00,
    0x00, 0x00, 0x00, 0x7f, 0xc0, 0xef, 0x03, 0x00, 0x00, 0x00, 0x00, 0x00, 0x00, 0x01, 0x01, 0x00,
    0x00, 0x00, 0x00, 0x00, 0x00, 0x05, 0x01, 0x00, 0x02, 0x00, 0x00, 0x00, 0x00, 0x01, 0x03, 0x00,
    0x07, 0x00, 0x00, 0x00, 0x00, 0x3c, 0x00, 0x24, 0x00, 0x00, 0x00, 0x00, 0x00, 0x00, 0x00, 0x01,
    0x01, 0x00, 0x00, 0x00, 0x00, 0x00, 0x00, 0x00, 0x00, 0x00, 0x00, 0x00, 0x00, 0x00, 0x00, 0x00,
    0x00, 0x00, 0x00, 0x00, 0x00, 0x00, 0x00, 0x00, 0x00, 0x00, 0x00, 0x00, 0x00, 0x00, 0x00, 0x00,
    0x00, 0x01, 0x01, 0x00, 0x00, 0x00, 0x00, 0x00, 0x00, 0x00, 0x00, 0x00, 0x00, 0x00, 0x00, 0x00,
    0x00, 0x00, 0x00, 0x00, 0x00, 0x00, 0x00, 0x00, 0x00, 0x00, 0x00, 0x00, 0x00, 0x00, 0x00, 0x00,
    0x00, 0x00, 0x00, 0x01, 0x01, 0x00, 0x00, 0x00, 0x00, 0x00, 0x00, 0x00, 0x00, 0x00, 0x00, 0x00,
    0x00, 0x00, 0x00, 0x00, 0x00, 0x00, 0x00, 0x00, 0x00, 0x00, 0x00, 0x00, 0x00, 0x00, 0x00, 0x00,
    0x00, 0x00, 0x00, 0x00, 0x00, 0x01, 0x01, 0x00, 0x00, 0x00, 0x00, 0x00, 0x00, 0x00, 0x00, 0x00,
    0x00, 0x00, 0x00, 0x00, 0x00, 0x00, 0x00, 0x00, 0x00, 0x00, 0x00, 0x00, 0x00, 0x00, 0x00, 0x00,
    0x00, 0x00, 0x00, 0x00, 0x00, 0x00, 0x00, 0x01, 0x01, 0x00, 0x00, 0x00, 0x00, 0x00, 0x00, 0x00,
    0x00, 0x00, 0x00, 0x00, 0x00, 0x00, 0x00, 0x00, 0x00, 0x00, 0x00, 0x00, 0x00, 0x00, 0x00, 0x00,
    0x00, 0x00, 0x00, 0x00, 0x00, 0x00, 0x00, 0x00, 0x00, 0x01, 0x01, 0x00, 0x00, 0x00, 0x00, 0x00,
    0x00, 0x00, 0x00, 0x00, 0x00, 0x00, 0x00, 0x00, 0x00, 0x00, 0x00, 0x00, 0x00, 0x00, 0x00, 0x00,
    0x00, 0x00, 0x00, 0x00, 0x00, 0x00, 0x00, 0x00, 0x00, 0x00, 0x00, 0x01, 0x01, 0x00, 0x00, 0x00,
    0x00, 0x00, 0x00, 0x00, 0x00, 0x00, 0x00, 0x00, 0x00, 0x00, 0x00, 0x00, 0x00, 0x00, 0x00, 0x00,
    0x00, 0x00, 0x00, 0x00, 0x00, 0x00, 0x00, 0x00, 0x00, 0x00, 0x00, 0x00, 0x00, 0x01, 0x02, 0x00,
    0x00, 0x00, 0x00, 0x00, 0x00, 0x00, 0x00, 0x00, 0x00, 0x00, 0x00, 0x00, 0x00, 0x00, 0x00, 0x00,
    0x00, 0x00, 0x00, 0x00, 0x00, 0x00, 0x00, 0x00, 0x00, 0x00, 0x00, 0x00, 0x00, 0x00, 0x80, 0x00,
    0x04, 0x00, 0x00, 0x00, 0x00, 0x00, 0x00, 0x00, 0x00, 0x00, 0x00, 0x00, 0x00, 0x00, 0x00, 0x00,
    0x00, 0x00, 0x00, 0x00, 0x00, 0x00, 0x00, 0x00, 0x00, 0x00, 0x00, 0x00, 0x00, 0x00, 0x00, 0x00,
    0x40, 0x00, 0xf8, 0xff, 0xff, 0xff, 0xff, 0xff, 0xff, 0xff, 0xff, 0xff, 0xff, 0xff, 0xff, 0xff,
    0xff, 0xff, 0xff, 0xff, 0xff, 0xff, 0xff, 0xff, 0xff, 0xff, 0xff, 0xff, 0xff, 0xff, 0xff, 0xff,
    0xff, 0xff, 0x3f, 0x00, 0x00, 0x00, 0x00, 0x00, 0x00, 0x00, 0x00, 0x00, 0x00, 0x00, 0x00, 0x00,
    0x00, 0x00, 0x00, 0x00, 0x00, 0x00, 0x00, 0x00, 0x00, 0x00, 0x00, 0x00, 0x00, 0x00, 0x00, 0x00,
    0x00, 0x00, 0x00, 0x00, 0x00, 0x00, 0x00, 0x00, 0x00, 0x00, 0x00, 0x00, 0x00, 0x00, 0x00, 0x00,
    0x00, 0x00, 0x00, 0x00, 0x00, 0x00, 0x00, 0x00, 0x00, 0x00, 0x00, 0x00, 0x00, 0x00, 0x00, 0x00,
    0x00, 0x00, 0x00, 0x00, 0x00, 0x00, 0x00, 0x00, 0x00, 0x00, 0x00, 0x00, 0x00, 0x00, 0x00, 0x00,
    0x00, 0x00, 0x00, 0x00, 0x00, 0x00, 0x00, 0x00, 0x00, 0x00, 0x00, 0x00, 0x00, 0x00, 0x00, 0x00,
    0x00, 0x00, 0x00, 0x00, 0x00, 0x00, 0x00, 0x00, 0x00, 0x00, 0xff, 0xff, 0xff, 0xff, 0xff, 0xff,
    0xff, 0xff, 0xff, 0xff, 0xff, 0xff, 0xff, 0xff, 0xff, 0xff, 0xff, 0xff, 0xff, 0xff, 0xff, 0xff,
    0xff, 0xff, 0xff, 0xff, 0xff, 0xff, 0xff, 0xff, 0xff, 0xff, 0xff, 0x03
};
static const uint8_t *const ui_menu_nav_icons[] = {
    ui_menu_nav_0, ui_menu_nav_1, ui_menu_nav_2, ui_menu_nav_3, ui_menu_nav_4, ui_menu_nav_5, ui_menu_nav_6, ui_menu_nav_7
};
static const uint8_t *const ui_menu_title_icons[] = {
    ui_menu_title_0, ui_menu_title_1, ui_menu_title_2, ui_menu_title_3, ui_menu_title_4, ui_menu_title_5, ui_menu_title_6, ui_menu_title_7
};
#endif
